"source","sourceScope","sourceId","productId","productName","rating","author","authorMeta","authorUrl","date","title","message","verified","location","replyAuthor","replyDate","replyMessage","relevance","sourceUrl"
"stamped","exact_product","163040757","235","Medium Women's Chemo Care Package","5","Noreen N.","","","07/13/2026","Rock the treatment","I have purchased packages for 3 different friends . They raved about them Such a great variety . Rock the treatment is an amazing company. Every person there is so professional , caring and great costumer service. Definitely 5 stars .","true","US","Rock the Treatment","07/15/2026","Noreen, Thank you so much for your kind words and for trusting us to support your friends during such an important time. It means the world to us to know the care we put into every package is felt. We truly appreciate your support and your 5-star review! Blessings","exact_product","https://www.rockthetreatment.com/womens-medium-chemo-basket/"
"stamped","exact_product","162917634","235","Medium Women's Chemo Care Package","5","Mary L.","","","07/11/2026","","Our friend loved this gift box and is using items from within it everyday.","true","US","Rock the Treatment","07/11/2026","Mary Lynn, so happy to hear that your cancer care package brought some relief and support to the recipient. Thank you so much for taking the time to share. Blessings.","exact_product","https://www.rockthetreatment.com/womens-medium-chemo-basket/"
"stamped","exact_product","162427827","235","Medium Women's Chemo Care Package","5","Susan M.","","","06/14/2026","Chemo care package","Friend was delighted with package. From presentation to carefully selected contents to delicious pops Definitely would recommend to anyone who is looking for a way to comfort a family member or friend going through this horrible journey","true","US","Rock the Treatment","06/16/2026","Susan, Thank you so much for your kind words! We&#39;re delighted to hear your friend enjoyed the package, from the presentation to the carefully selected items (and the pops!). Knowing we were able to bring a little comfort during such a difficult journey means everything to us. Thank you for trusting us to support someone you care about. ❤️","exact_product","https://www.rockthetreatment.com/womens-medium-chemo-basket/"
"stamped","exact_product","161217370","235","Medium Women's Chemo Care Package","5","Anita D.","","","04/23/2026","My sister loved the box!","The box really picked up her spirits specially the unique jelly beans! Thank you","true","US","Rock the Treatment","04/24/2026","Anita, We are so glad to hear!! Thank you so much for sharing. Blessings.","exact_product","https://www.rockthetreatment.com/womens-medium-chemo-basket/"
"stamped","exact_product","158623143","235","Medium Women's Chemo Care Package","5","Charles F.","","","03/21/2026","","Excellent quick shipment and delivery. Individuals I have sent these to loved them.","true","US","Rock the Treatment","03/22/2026","Charles, we are so happy to hear! Thank you so much for taking the time to share your thoughts. Blessings.","exact_product","https://www.rockthetreatment.com/womens-medium-chemo-basket/"
"stamped","exact_product","158550713","235","Medium Women's Chemo Care Package","5","Gary R.","","","03/18/2026","They Loved it","Fantastic I will surely order again!","true","US","Rock the Treatment","03/22/2026","Gary, much appreciated!! We hope you do not have a need to order again for a VERY long time. Blessings.","exact_product","https://www.rockthetreatment.com/womens-medium-chemo-basket/"
"stamped","exact_product","157739878","235","Medium Women's Chemo Care Package","5","Kimberly S.","","","02/13/2026","Rick the Treatment Box","I purchased the box for my best friend of 40 years who just started her chemo treatments. She really enjoyed looking through the box and having several items to try to see what works best for her needs. It is such a difficult time so just to see a small smile makes me extremely happy.","true","US","Rock the Treatment","02/15/2026","Kimberly, Thank you so much for your kind words. It means the world to us to know the box brought even a small smile during such a difficult time. We’re honored to be a small part of supporting your friend and grateful for thoughtful friends like you. Blessings.","exact_product","https://www.rockthetreatment.com/womens-medium-chemo-basket/"
"stamped","exact_product","156423483","235","Medium Women's Chemo Care Package","5","Leonel R.","","","12/18/2025","Care Package for Family member Fighting Lung Cancer","I cannot thank this shop enough for their incredible service. I ordered this for my aunt while she is fighting lung cancer, and the shipping was incredibly fast. The product itself is wonderful—she truly loved it and was so thankful for the gesture. It really lifted her spirits when she needed it most. Thank you for helping me bring a smile to her face","true","US","","","","exact_product","https://www.rockthetreatment.com/womens-medium-chemo-basket/"
"stamped","exact_product","155480876","235","Medium Women's Chemo Care Package","2","Christine M.","","","11/18/2025","Cut out the middle man.","The idea is great in theory. I could have saved a lot of money collecting items and shipping this myself. The website glitched on me in two ways. First, it would not let me put the credit card date in because it would not accept the characters, but also would not approve the card without them. Second, although I entered the “ shipped to “ address on the website, they claim I put my billing address in as the shipping address. I clearly remember looking her address up and painstakingly typing it in the website. When I received the box in the mail erroneously, I was surprised that the box was so small for a medium selection. I contacted the company, and their advice to the error and sending it to me was that I pay shipping and send it back to them and then they would send it to the correct address. I told him them not to worry about it that I would send it directly to her because that would be insanity. If I was going to pay for shipping, why would I not just send it to her? This would’ve been less painstaking for me to just have done the shopping to begin with and box it up and send it. For me to ship it with half the shipping charge that they charged me.","true","US","Rock the Treatment","11/19/2025","Christine, Thank you for taking the time to share your experience. I’m truly sorry for the frustration you encountered — that’s never the experience we want for anyone who orders from Rock the Treatment. As you are aware, the shipping label was generated with the address that was entered on your order. We understand how online forms can sometimes feel confusing, and we always do our best to assist when something goes wrong, regardless of the source of the error. When you reached out to us, you requested that we reship the package to the intended recipient. We agreed to take the package back and resend it at no additional cost, even though the address had been entered incorrectly at checkout. You later chose to forward the package directly yourself instead, which we completely understood. We also appreciate your feedback about the website. As mentioned in our immediate response to your issue, our IT team did research the issue and was not able to identify any system errors, nor have other customers reported similar technical problems. Regarding the size of the medium box, our care packages are intentionally curated in a compact, protective shipping box to ensure the items arrive safely and neatly arranged. Again, I’m very sorry your experience didn’t meet your expectations. We value every customer and will continue working to make the ordering and gifting process as seamless and supportive as possible.","exact_product","https://www.rockthetreatment.com/womens-medium-chemo-basket/"
"stamped","exact_product","154562599","235","Medium Women's Chemo Care Package","5","Louise M.","","","11/01/2025","Gift for Daughter-in-law","She lives the items included for her. She thinks it is thoughtful.","true","US","Rock the Treatment","11/04/2025","Louise, We are so happy to hear. Thank you so much for taking the time to share your feedback. Blessings.","exact_product","https://www.rockthetreatment.com/womens-medium-chemo-basket/"
"stamped","exact_product","154459934","235","Medium Women's Chemo Care Package","5","Riley L.","","","10/30/2025","My family member was so touched","It came on time, in great shape, and my sister in law was so touched by the gift. Highly recommend!","true","US","Rock the Treatment","10/31/2025","Riley, We’re thrilled it brightened her day! Everyone deserves to feel cared for during treatment. Thank you for helping spread the love. Many blessings.","exact_product","https://www.rockthetreatment.com/womens-medium-chemo-basket/"
"stamped","exact_product","150139400","235","Medium Women's Chemo Care Package","5","Tammy S.","","","07/30/2025","Happy Recipient","I received a sweet text from my sister in law who is diagosed with cancer recently. As we all know, you know if you get this sweet of a message and for someone to reach out directly to you is a tell tale you have something that made them feel good. I would recommend this company if you want to surprise someone and shower them with items that are different, helpful,and will make your special someone feel amazing and see how thoughtful you are to tailoring the items to the condition they are faced with in a difficult time. I give this company a 5 star review for getting it right, and appreciating I have a great gift box to have made my special persons day!","true","US","Rock the Treatment","08/01/2025","Thank you so much for your kind words and thoughtful review! It means the world to know the gift brought a moment of comfort and connection during such a difficult time. We're truly honored to play even a small part in supporting your sister-in-law’s journey. Blessings 💛","exact_product","https://www.rockthetreatment.com/womens-medium-chemo-basket/"
"stamped","exact_product","143952306","235","Medium Women's Chemo Care Package","5","Lee A.","","","02/12/2025","Excellent","Quality merchandise, excellent choices. Very pleased with my purchase and my friend was happy with her gift.","true","US","Rock the Treatment","02/23/2025","Lee, Thank you so much for the lovely compliments. We appreciate you taking the time to share. Many blessings.","exact_product","https://www.rockthetreatment.com/womens-medium-chemo-basket/"
"stamped","exact_product","141302676","235","Medium Women's Chemo Care Package","5","Margaret M.","","","11/29/2024","Very Appreciative","My sister was very excited to receive this gift. It was all the things she needed but didn’t have to buy! ♥️","true","US","Rock the Treatment","12/02/2024","Margaret, We are thrilled to hear that your sister loved receiving your cancer care package and that it saved her the trouble of having to shop! We hope it brought her some comfort and smiles. Blessings.","exact_product","https://www.rockthetreatment.com/womens-medium-chemo-basket/"
"stamped","exact_product","139763590","235","Medium Women's Chemo Care Package","5","Ronya H.","","","10/24/2024","The Perfect Gift","I was looking for an appropriate gift to give a friend who's going through chemo when I stumbled across this website. I love the great care and consideration that was given into selecting products that would bring comfort. My friend absolutely loved the basket. The throat lozenges were right on time. Everything was packaged nicely. I will definitely order again.","true","US","Rock the Treatment","10/25/2024","Ronya, We are thrilled to hear that your friend LOVED receiving your cancer care gift and that it arrived exactly when she needed it. Thank you so much for taking the time to share your lovely feedback. Blessings.","exact_product","https://www.rockthetreatment.com/womens-medium-chemo-basket/"
"stamped","exact_product","139418919","235","Medium Women's Chemo Care Package","5","Ann T.","","","10/15/2024","Medium Size Basker for a woman","Overall experience was good.","true","US","Rock the Treatment","10/17/2024","Thank you!!","exact_product","https://www.rockthetreatment.com/womens-medium-chemo-basket/"
"stamped","exact_product","137746760","235","Medium Women's Chemo Care Package","5","Meggen S.","","","09/07/2024","Thank you!","My family and I are new to supporting a loved one going through chemo. While many of our anxieties cannot be remedied, Rockthetreatment took away the helplessness we felt on not knowing how to best support our loved one during chemo treatments. The articles and well curated gift baskets were SO helpful. Thank you for your thoughtfulness and support to those still learning to support those going through chemo.","true","US","Rock the Treatment","09/18/2024","Meggen, We are humbled by your kind words. Thank you so much for taking the time to share your thoughts. We are sad that you had the need to send a basket like this but so appreciate you choosing a Rock the Treatment cancer care package for your loved one. Blessings.","exact_product","https://www.rockthetreatment.com/womens-medium-chemo-basket/"
"stamped","exact_product","134559146","235","Medium Women's Chemo Care Package","5","Angela H.","","","06/30/2024","The best Gift","I sent this to a young mom going through Chemo. She absolutely loved it and said it was perfect! I highly recommend this for anyone you know going through Chemo or any kind of treatment.","true","US","Rock the Treatment","07/11/2024","Angela, We are saddened to hear that you had the need to send a cancer care package to a young mother. But it warms our heart to hear that she loved receiving it. I hope she found comfort and smiles from your gift. Thank you for taking the time to share your feedback. Blessings.","exact_product","https://www.rockthetreatment.com/womens-medium-chemo-basket/"
"stamped","exact_product","133707717","235","Medium Women's Chemo Care Package","5","Lisa M.","","","06/19/2024","Best Gift Ever!","Those are the words, my daughter-in-law’s mother used to describe her beautiful gift! She absolutely loved it. Thank you so so much for such thoughtful packaging!","true","US","Rock the Treatment","06/19/2024","AWW ..... Lisa thank you so much for sharing. We are so pleased to hear that your daughters MIL loved receiving your gift and that it brought her some joy and comfort. Blessings.","exact_product","https://www.rockthetreatment.com/womens-medium-chemo-basket/"
"stamped","exact_product","133115210","235","Medium Women's Chemo Care Package","5","Marga F.","","","06/05/2024","Sent to show i care","My sister loved it!","true","US","Rock the Treatment","06/06/2024","SO HAPPY TO HEAR!! Blessings!!","exact_product","https://www.rockthetreatment.com/womens-medium-chemo-basket/"
"stamped","exact_product","131553544","235","Medium Women's Chemo Care Package","5","Diane M.","","","05/04/2024","Brought joy to recipient","The box for chemo was fantastic according to the recipient. She sent pictures which showed it was really great. The best part was she (recipient) was so happy and said it was so well thought out. First time I’ve seen he show joy in a bit. So Thank You!","true","US","Rock the Treatment","05/07/2024","AWWW thank you Diane. That makes us so happy to hear. We hope your gift brings your friend much comfort as well. We appreciate you taking the time to share. Many blessings.","exact_product","https://www.rockthetreatment.com/womens-medium-chemo-basket/"
"stamped","exact_product","131550279","235","Medium Women's Chemo Care Package","5","Noreen N.","","","05/04/2024","Best ever Gift.","My friend was overjoyed with the wonderful gift . She said that she enjoyed the snacks and everything was amazing It really made her day going through all her illness It really will rock her treatment.","true","US","Rock the Treatment","05/07/2024","Noreen...YAY! That makes us so happy. Thank you so miuch for sharingl Many blessings.","exact_product","https://www.rockthetreatment.com/womens-medium-chemo-basket/"
"stamped","exact_product","129200266","235","Medium Women's Chemo Care Package","5","Charolette M.","","","03/27/2024","For a friend","I sent this to a friend and she loved it. Glad your company exists for situations like these","true","US","Rock the Treatment","03/28/2024","Charolette, Thank you!! We appreciate your kind words and taking the time to share them. Blessings.","exact_product","https://www.rockthetreatment.com/womens-medium-chemo-basket/"
"stamped","exact_product","129129226","235","Medium Women's Chemo Care Package","5","Tina D.","","","03/26/2024","Very thoughtful gift","Cancer sucks and I was grateful to find something that caters to patients in such a thoughtful and meaningful way. The owner reached out immediately after my order was placed to wish the recipient well which made me tear up and the package was well received by my friend. I would highly recommend this company.","true","US","Rock the Treatment","03/28/2024","Tina, Thank you so much for the kind words and for taking the time to share them. We are so pleased to hear that your friend appreciated receiving your gift. We hope it brings her some comfort and blessings.","exact_product","https://www.rockthetreatment.com/womens-medium-chemo-basket/"
"stamped","exact_product","126370523","235","Medium Women's Chemo Care Package","5","Mariatu G.","","","02/07/2024","For a loved one!","I’m glad I was able to gift this to a friend! I truly didn’t know what to do for her till I googled gifts loved one who is sick. This was really a great purchase and I’m glad my friend was happy with it. Thank you!","true","US","Rock the Treatment","02/07/2024","Mariatu, Thank you!! We are so happy that you were happy with your decision to purchase one of our chemo care packages for your friend. We hope it brought her some comfort and supports. Much appreciation for sharing your thoughts. Blessings.","exact_product","https://www.rockthetreatment.com/womens-medium-chemo-basket/"
"stamped","exact_product","126336616","235","Medium Women's Chemo Care Package","5","Lisa B.","","","02/06/2024","","This wasn't for me but for a good friend who started chemo. She loves it!! Has already used the peppermint candies and the eye mask.","true","US","Rock the Treatment","02/07/2024","Lisa, We are so happy to hear that your friend loved your gift and started to use the items. Thank you very much for taking the time to share your kind feedback. Blessings.","exact_product","https://www.rockthetreatment.com/womens-medium-chemo-basket/"
"stamped","exact_product","123849030","235","Medium Women's Chemo Care Package","5","Marilyn L.","","","12/22/2023","It was a gift","I sent to a friend who is going through chemo now. She was happy to get the gift, but she has not commented on contents yet.","true","US","Rock the Treatment","12/26/2023","Marilyn, we are happy to hear that your friend enjoyed receiving your gift. Thank you for sharing your feedback. Blessings.","exact_product","https://www.rockthetreatment.com/womens-medium-chemo-basket/"
"stamped","exact_product","123820568","235","Medium Women's Chemo Care Package","5","Susan R.","","","12/21/2023","Pleased","The boxes are very much appreciated by patients of chemo or radiation and used abundantly. I highly recommend this “gift of love” for anyone who has to experience this challenging journey.","true","US","Rock the Treatment","12/26/2023","Susan, We appreciate your very lovely review. We are so pleased that you found our cancer care package to be helpful. Thank you for taking the time to share. Blessings.","exact_product","https://www.rockthetreatment.com/womens-medium-chemo-basket/"
"stamped","exact_product","123024898","235","Medium Women's Chemo Care Package","5","Andrea K.","","","12/08/2023","Really nice!","I was impressed with the number and variety of items in the package. The packaging was attractive, and the recipient appreciated the descriptive list that was included in the package.","true","US","Rock the Treatment","12/13/2023","Andrea, Thank you!! You conveyed all of the things that we work so hard to achieve. It means so much that you took the time to share your thoughts. Many blessings.","exact_product","https://www.rockthetreatment.com/womens-medium-chemo-basket/"
"stamped","exact_product","122312220","235","Medium Women's Chemo Care Package","5","Melissa S.","","","11/23/2023","Great care package","The chemo car package was dropped shipped to a friend and she was thankful to get it. I looked at a lot of different ones on the internet but thought this one was well thought out and gave a good variety of products. Promptly shipped and delivered. I would purchase it again…but hope I never have to.","true","US","Rock the Treatment","11/28/2023","Melissa, Thank you so much we appreciate you recognizing how hard we try to think of every detail. We are so happy to hear that your friend loved receiving your gift. We hope you never have the need to purchase another gift like this. Blessings.","exact_product","https://www.rockthetreatment.com/womens-medium-chemo-basket/"
"stamped","exact_product","122085048","235","Medium Women's Chemo Care Package","5","Tammy L.","","","11/17/2023","Best products for chemo treatment!!","I have sent my beautiful cousin a second chemo box (unfortunately). She just can’t express how much she loves so many of these products. She definitely loves the Lindi lotions and really everything in the kit it helps her out so much!!! Thanks for making these kits.","true","US","","","","exact_product","https://www.rockthetreatment.com/womens-medium-chemo-basket/"
"stamped","exact_product","120672810","235","Medium Women's Chemo Care Package","5","James G.","","","10/27/2023","Great Experience","Great experience. Easy to navigate site. Once order was placed, received a personal note wishing the recipient well. Items included were very helpful.","true","US","","","","exact_product","https://www.rockthetreatment.com/womens-medium-chemo-basket/"
"stamped","exact_product","120600888","235","Medium Women's Chemo Care Package","5","Dorte D.","","","10/26/2023","Perfect for the situation","My friend’s received the box a week before she passed, and I didn’t know what they thought of it until the funeral. Her family said “ it was so nice, and full of stuff they didn’t know they would cherish so much”. It was so so well thought through and we’ll put together. They really appreciated it! Thank you!","true","US","","","","exact_product","https://www.rockthetreatment.com/womens-medium-chemo-basket/"
"stamped","exact_product","120311940","235","Medium Women's Chemo Care Package","5","Freda M.","","","10/24/2023","Ann ~","The following message is from my Bestie, Ann upon receiving her uplifting Chemo Care bag gift. She’s been battling different types of cancer for several years all the while being an incredibly inspirational woman and friend. Ann is my Bestie and my Garden Girl so finding your website was a golden blessing. Thank you for the concentration on folks who are struggling as well as those who want to help make them smile at home through your amazing products. Sincerely Grateful, Freda Mann Bel Air, MD 21014 “You are awesome. What a wonderful gift to receive when your hope is teetering. I don't know how much research you have to do to find these things, but I appreciate it more than you'll know. How can I ever repay you for all the encouragement and acceptance you have graced me with. Thank you from the bottom of my heart, Freda. You're the best and not just because you send me gifts. It's because it's very hard not loving such a caring person.” Again, thank you from the bottom of my heart ♥️","true","US","","","","exact_product","https://www.rockthetreatment.com/womens-medium-chemo-basket/"
"stamped","exact_product","119657291","235","Medium Women's Chemo Care Package","5","Barbara F.","","","10/06/2023","Great Gift","From ordering online, delivery and final product it was a great experience. My family member loved the gift!","true","US","Rock the Treatment","10/09/2023","Barbara, thank you. We do our best to make the process as easy as possible. We appreciate you noticing and sharing. Blessings.","exact_product","https://www.rockthetreatment.com/womens-medium-chemo-basket/"
"stamped","exact_product","119522194","235","Medium Women's Chemo Care Package","5","Nancy B.","","","10/05/2023","So perfect!","My friend was very happy to come home from chemo and see this wonderful gift basket. She said she has already used the lip balm. I was so happy she loved and it gave her some comfort during such a hard time! Thank you for all you do!!!","true","US","Rock the Treatment","10/09/2023","Nancy, we are so happy to hear that your friend received her gift at the perfect time and that she found it helpful. We greatly appreciate you taking the time to share your kind feedback.","exact_product","https://www.rockthetreatment.com/womens-medium-chemo-basket/"
"stamped","exact_product","119084243","235","Medium Women's Chemo Care Package","5","Angel Y.","","","09/26/2023","Great package during a sad time","This is my second purchase of these chemo care boxes. The cancer patients love the box & believe it’s so thoughtful & useful. I would recommend these boxed gifts for cancer patients.","true","US","Rock the Treatment","09/28/2023","Angel, We are so sorry that had you had the need to send another gift like this. But we appreciate you choosing us again. We are so happy to hear that the people that received your gift found them helpful. Thank you so much for taking the time to share your thoughts. Blessings.","exact_product","https://www.rockthetreatment.com/womens-medium-chemo-basket/"
"stamped","exact_product","119078683","235","Medium Women's Chemo Care Package","5","Janet D.","","","09/26/2023","Great service and product","Thank you. My mom received it and felt really good about the message and gifts","true","US","Rock the Treatment","09/28/2023","Janet, we are so happy to hear that your mom enjoyed your gift. We hope it brings her some comfort and smiles. Blessings to your mom and family.","exact_product","https://www.rockthetreatment.com/womens-medium-chemo-basket/"
"stamped","exact_product","116973504","235","Medium Women's Chemo Care Package","5","Philip S.","","","08/23/2023","Awesome Product","Our friend and co-worker fighting the fight got this package. She was estatic to receive such an awesome gift.","true","US","Rock the Treatment","08/28/2023","Philip, We are so sorry that your coworker was in need of a gift like this But we are very glad that she loved it. We hope it made her smile an know that her coworkers are supporting her. Blessings.","exact_product","https://www.rockthetreatment.com/womens-medium-chemo-basket/"
"stamped","exact_product","104965895","235","Medium Women's Chemo Care Package","5","Annie H.","","","06/06/2023","Excellent","Easy to use great experience","true","US","Rock the Treatment","06/13/2023","Thank you Annie. We are glad you had a great experience. Blessings.","exact_product","https://www.rockthetreatment.com/womens-medium-chemo-basket/"
"stamped","exact_product","104574468","235","Medium Women's Chemo Care Package","5","Jennifer F.","","","05/31/2023","Feedback","Not only did I receive a personalized note from the owner, but I received timely notifications along the way. From the recipient, they said it was the nicest, most thoughtful gift they think they have ever received and everything in the box was so perfect! I’ve always tried to deliver thoughtful gifts, but I didn’t know exactly what was needed or would be appreciated for what she was going through. This site made it easy and made me feel good purchasing from them.","true","US","Rock the Treatment","05/31/2023","Jennifer, AWWWW that is the sweetest thing!! We are so happy to hear that the recipient loved receiving your gift!! We greatly appreciate you taking the time to share. Blessings.","exact_product","https://www.rockthetreatment.com/womens-medium-chemo-basket/"
"stamped","exact_product","100216288","235","Medium Women's Chemo Care Package","5","Mindy M.","","","03/08/2023","Exactly what she needed!","This was the perfect thing for my friend who is experiencing breast cancer. She's in chemo now and said that it was perfect and came at exactly the right time!","true","US","Rock the Treatment","03/09/2023","MIndy, Thank you for the compliment. We are so happy that your friend found the cancer kit helpful and that the timing was perfect. Wishing her many blessings.","exact_product","https://www.rockthetreatment.com/womens-medium-chemo-basket/"
"stamped","exact_product","100015168","235","Medium Women's Chemo Care Package","5","Susan H.","","","03/04/2023","Brought Joy to my Sister!","The website was easy to navigate and the items in the Chemo box were clearly identified. Shipping was very quick! I was touched by the follow up email from the company expressing their prayers & thots for my sister facing breast cancer. My sister was incredibly blessed by receiving the box of helpful goodies. It brought her to tears. It’s a wonderful way to come along side your loved one and express your love & care for them during a very difficult season in their life.","true","US","Rock the Treatment","03/05/2023","Susan, Thank you so much for sharing your very kind thoughts. We are so happy to hear that your sister loved receiving our chemo kit. It warms our heart to hear that it brought her some joy during a very difficult time. WIshing you all many blessigs.","exact_product","https://www.rockthetreatment.com/womens-medium-chemo-basket/"
"stamped","exact_product","96535793","235","Medium Deluxe Women's Chemo Care Package","5","Marlene N.","","","02/21/2023","Rock the outstanding customer service","The basket was for my niece who loved it! Would highly recommend this company! I left a message on their voice mail and within 3 minutes I received a call back! Very impressed with the professionalism!","true","US","","","","exact_product","https://www.rockthetreatment.com/womens-medium-chemo-basket/"
"stamped","exact_product","96402400","235","Medium Deluxe Women's Chemo Care Package","5","Chandra C.","","","02/17/2023","A Great Care Package","The person I gave this to absolutely love the package! They thought everything in the package was useful. I liked that it had everything someone would need in one package. This was a great gift to give someone when they are going through a challenging time in their life.","true","US","Rock the Treatment","02/21/2023","Chandra, We are delighted to hear that your gift was so well received. We do our best to cover all of the side effects of chemo in our cancer care kits. We hope it brings some comfort and smiles to your recipient. Many blessings.","exact_product","https://www.rockthetreatment.com/womens-medium-chemo-basket/"
"stamped","exact_product","95246710","235","Women's Medium Chemo Basket","5","Theresa G.","","","02/03/2023","Chemo basket","My niece was thrilled with the basket . Service was great and the presentation was done beautifully .","true","US","Rock the Treatment","02/08/2023","Theresa, We are so happy to hear that your niece loved receiving your cancer care gift. Thank you so much for taking the time to share your lovely thoughts. Blessings.","exact_product","https://www.rockthetreatment.com/womens-medium-chemo-basket/"
"stamped","exact_product","94132579","235","Women's Medium Chemo Basket","5","Christine M.","","","01/25/2023","Great product and amazing service","This chemo basket is exactly what I was looking for, to send some aroha (love) and practical help to my friend who’s facing chemo. The exceptional service provided by Stacy was above and beyond: quick, caring and helpful. Highly recommended.","true","US","Rock the Treatment","01/26/2023","Christine, We are so happy that we could provide something for you to help your friend/family member. We pray for a day that we never have to send another basket like this. Until then we will be here doing everything we can to make the battle against cancer easier. Thank you so much for your kind words and taking the time to share them. Blessings.","exact_product","https://www.rockthetreatment.com/womens-medium-chemo-basket/"
"stamped","exact_product","93846243","235","Women's Medium Chemo Basket","5","Kisha D.","","","01/19/2023","Just what she wanted","This was a gift for my sister's mother, and at first, I was nervous about how it would be received, but apparently, as soon as she got her box she was already using the products. She enjoyed them very much, and now I feel so glad that I got this for her <3 Thank you for providing this type of gift boxes. They are so helpful, useful, and thoughtful.","true","US","Rock the Treatment","01/20/2023","Kisha, we know exactly what you mean!! It is so difficult to know what to do/what to say. And eah person going through it is different and has different feelings towards it. We do our best to provide the comfort and strength needed in the most thoughtful and supportive way. We are so happy to hear that your sister's mother loved receiving your gift and that she loved the products!! Thank you so much for sharing. Blessings.","exact_product","https://www.rockthetreatment.com/womens-medium-chemo-basket/"
"stamped","exact_product","93247506","235","Women's Medium Chemo Basket","5","Justin S.","","","01/09/2023","Heart Felt","Great overall ordering & delivery experience! The recipients were very appreciative for the heartfelt gesture on a challenging journey through treatment.","true","US","Rock the Treatment","01/18/2023","Justin, We are so happy to hear that the recipients appreciated your gift. We hope it also brought some smiles. Thank you for taking the time to share your feedback. Many blessings.","exact_product","https://www.rockthetreatment.com/womens-medium-chemo-basket/"
"stamped","exact_product","93066188","235","Women's Medium Chemo Basket","5","Christina B.","","","01/05/2023","Very Happy With Rock The Treatment","Great! Wonderful package of ""goodies"" to support the comfort and well being of a chemo patient. So many useful items for the patient while in treatment. A fabulous gift. Delivered as promished. Thank you staff at ""Rock The Treatment"".","true","US","Rock the Treatment","01/18/2023","Christina, THANK YOU!! We are so happy that the recipient enjoyed receiving your gift. We hope it also brought her some smiles. We greatly appreciate you taking the time to share your feedback. Blessings.","exact_product","https://www.rockthetreatment.com/womens-medium-chemo-basket/"
"stamped","exact_product","90985618","235","Women's Medium Chemo Basket","5","Sandi S.","","","12/08/2022","Wonderful!","I bought this for a co-worker and she was overwhelmed by it. She said it was full of the only items she was able to eat at this point and was so thankful for the nausea drops! I hate that something like this has to exist, but I am so thankful it does.","true","US","Rock the Treatment","12/09/2022","Sandi, we are so happy to hear that your coworker loved receiving your gift and even more so that it helped her!!!! We love the Queasy pops also...they are awesome!! We pray for a day where no more baksets like this need to be sent. But until then we will be here doing our best to help. Thnk you for your lovely feedback. Blessings.","exact_product","https://www.rockthetreatment.com/womens-medium-chemo-basket/"
"stamped","exact_product","90720309","235","Women's Medium Chemo Basket","5","John O.","","","11/30/2022","Perfect Timing","When a friend is overwhelmed by the gut punch of Cancer and the destructive effects of chemotherapy This basket does wonders. It’s perfect for uplifting the patient and the giver. It also works so much better than texts , cards letters . We’ll Done ✅","true","US","Rock the Treatment","12/01/2022","John, So nice of you to say. We greatly appreciate your kind words. Thank you for taking the time to share your feedback. Blessings.","exact_product","https://www.rockthetreatment.com/womens-medium-chemo-basket/"
"stamped","exact_product","90631628","235","Women's Medium Chemo Basket","5","Kathleen A.","","","11/27/2022","A gift I felt good about sending","My friend greatly appreciated the Rock the Treatment gift box. It was initially hard to know what to get my amazing friend going through chemotherapy. However, the gift box had items she can actually use. She appreciated the encouragement, and the company was very easy to order from. I got a personal confirmation email that the order was being processed and a nice note.","true","US","Rock the Treatment","11/30/2022","Kathleen, thank you so much for the kind words. We are so happy to hear that your fabulous friend loved receiving your gift. We hope to brought her some smiles and comfort. Wishing you all many blessings.","exact_product","https://www.rockthetreatment.com/womens-medium-chemo-basket/"
"stamped","exact_product","87847210","235","Women's Medium Chemo Basket","5","Amy U.","","","10/08/2022","Thoughtful Gifts","This is a wonderful company to get gifts for anyone you care about that is going through cancer treatments. They put a lot of thought into their packages/products and send personalized emails instead of standard thank you for ordering.","true","US","Rock the Treatment","10/09/2022","Amy, we greatly appreciate you taking the time to share such kind words. We hope your gift brought some comfort during difficult times. Blessings.","exact_product","https://www.rockthetreatment.com/womens-medium-chemo-basket/"
"stamped","exact_product","86987138","235","Women's Medium Chemo Basket","5","Melissa M.","","","09/15/2022","Perfect Gift","I bought this for a friend that is currently undergoing treatment. She stated that each item was lovingly chosen and it has made her life better.","true","US","Rock the Treatment","09/21/2022","Melissa, AW! Thank you so much for sharing. We are so happy to hear that your gift made your friends days a bit easier. Wishing her MANY BLESSINGS!","exact_product","https://www.rockthetreatment.com/womens-medium-chemo-basket/"
"stamped","exact_product","86317480","235","Women's Medium Chemo Basket","5","Olugbemiga A.","","","09/05/2022","","Fantastic!!!.. l received the package in timely manner.","true","US","Rock the Treatment","09/07/2022","Thank you!!! Much appreciated.","exact_product","https://www.rockthetreatment.com/womens-medium-chemo-basket/"
"stamped","exact_product","86069584","235","Women's Medium Chemo Basket","5","Susan B.","","","08/30/2022","I loved mine, so I sent one to a friend!","The box was amazing and had so many useful and needed items in it. I’m still using the skin care products. The only thing I didn’t use was the toboggan because I live in AZ, and I decided to liven up my chemo treatments by wearing a clown wig! I will be sending anyone close to me who has to deal with cancer/radiation one of these!","true","US","Rock the Treatment","08/31/2022","Susan, We are so thrilled to hear that you loved the items in your ROCK the TREATMENT gift and are humbled that you thought highly enough of it to end it to a loved one. We hope you do not have a need to send anymore for a LOOOOONG time!! And totally LOVE the clown wig idea. You ROCK!!","exact_product","https://www.rockthetreatment.com/womens-medium-chemo-basket/"
"stamped","exact_product","77469296","235","Women's Medium Chemo Basket","5","Katherine G.","","","07/09/2022","Loved it","Awesome! The package arrived so quickly.","true","US","Rock the Treatment","07/15/2022","Thank you!! &lt;3","exact_product","https://www.rockthetreatment.com/womens-medium-chemo-basket/"
"stamped","exact_product","76752523","235","Women's Medium Chemo Basket","5","Stacy S.","","","06/24/2022","Above & Beyond","The personal follow-up email mentioning our loved one specifically was icing on the cake. Quick shipping too! Thank You","true","US","Rock the Treatment","06/28/2022","Stacy, thank you so much!! We appreciate you taking the time to share your lovely feedback. Blessings.","exact_product","https://www.rockthetreatment.com/womens-medium-chemo-basket/"
"stamped","exact_product","72572297","235","Women's Medium Chemo Basket","5","joshua k.","","","05/24/2022","Uplifting Gift","So thankful to have found this gift box. Great presentation and quality.","true","US","Rock the Treatment","06/02/2022","Thank you!! We appreciate you sharing your feedback! Blessings.","exact_product","https://www.rockthetreatment.com/womens-medium-chemo-basket/"
"stamped","exact_product","71713822","235","Women's Medium Chemo Basket","5","Kent B.","","","05/16/2022","Great basket","Sent to my auntie who's undergoing chemo. She said ""It's a great basket because it really hits all the stuff folks on chemo go through, nausea, boredom, cold, all of it!""","true","US","Rock the Treatment","05/17/2022","Kent, We are so happy that your Aunt LOVED your gift. We hope it brings her many smiles and much comfort. Blessings to your Aunt and entire family!","exact_product","https://www.rockthetreatment.com/womens-medium-chemo-basket/"
"stamped","exact_product","69516421","235","Women's Medium Chemo Basket","5","Amanda H.","","","04/15/2022","Awesome idea","My friend loved it, was just what she needed to get through her journey","true","US","Rock the Treatment","04/17/2022","Amanda,. We are so happy to hear! Thank you for taking the time to share your thoughts. Many blessings.","exact_product","https://www.rockthetreatment.com/womens-medium-chemo-basket/"
"stamped","exact_product","66437742","235","Women's Medium Chemo Basket","5","Mary P.","","","03/17/2022","Womens medium chemo basket","Easy to order. Very happy with product. Excellent company to deal with. Nice to have something useful as opposed to random deco or stuff lying around. Very practical useful gift.","true","US","Rock the Treatment","03/24/2022","Mary, Thank you so much for your very sweet feedback. We deeply appreciate you taking the time to share. Blessings.","exact_product","https://www.rockthetreatment.com/womens-medium-chemo-basket/"
"stamped","exact_product","64983242","235","Women's Medium Chemo Basket","5","Caroline C.","","","02/17/2022","Amazing service","Amazingly personal service. Our friend was so happy with her basket. We know it was made with love. Keep it up!","true","US","Rock the Treatment","02/22/2022","Caroline....Thank you!! We try our very best and deeply appreciate you noticing and sharing your feedback. Blessings.","exact_product","https://www.rockthetreatment.com/womens-medium-chemo-basket/"
"stamped","exact_product","64597898","235","Women's Medium Chemo Basket","5","Anna F.","","","02/12/2022","Perfect","Not only did I receive a personal note sending good thoughts to my sister in law, but everything in the basket was perfect for what she needs during chemo. I really appreciate the care that went into her basket. Thank you!","true","US","Rock the Treatment","02/15/2022","Anna, we are so happy to hear that your sister in law thought your gift was perfect!! We hope it brought her some smiles and comfort. Thank you for taking the time to share your feedback. Blessings.","exact_product","https://www.rockthetreatment.com/womens-medium-chemo-basket/"
"stamped","exact_product","62924094","235","Women's Medium Chemo Basket","5","Julie G.","","","01/24/2022","Well thought-out gift box","Wonderfully thought out assortment of items to bring comfort to someone in treatment. Prompt shipping and caring communication.","true","US","Rock the Treatment","01/25/2022","Julie, thank you so much for the compliments and kind words. We appreciate you taking the time to share. Blessings.","exact_product","https://www.rockthetreatment.com/womens-medium-chemo-basket/"
"stamped","exact_product","62117851","235","Women's Medium Chemo Basket","5","Fizzah R.","","","01/10/2022","Amazing service","I bought this for a dear friend who was unexpectedly diagnosed. I wanted something that she would actually use and would help her through the process. Not only does it have a ton of items she will use, it is beautifully presented and the customer service is wonderful. Highly recommend.","true","US","Rock the Treatment","01/10/2022","Fizzah, thank you very much for the kind words. We are so sorry to hear of your friends diagnosis, but are glad to be here to help you support her in a positive and helpful way. We appreciate you taking the time to share your feedback. Stay safe.","exact_product","https://www.rockthetreatment.com/womens-medium-chemo-basket/"
"stamped","exact_product","62091504","235","Women's Medium Chemo Basket","5","Lynn B.","","","01/10/2022","OUTSTANDING COMPANY!","Just the company name, Rock the Treatment, is upbeat, instead of sappy and sentimental. It was wonderful to send a cleverly presented gift of USEFUL products to my friend just beginning chemo. She LOVED it. It symbolized caring and compassion without being sad. Sad is the last thing she needs. I did not ask for, nor did I expect my order to be prepared and shipped over a weekend; but it was. It was waiting for my friend when she returned home from her first treatment. You cannot go wrong purchasing from Rock the Treatment!","true","US","Rock the Treatment","01/10/2022","Lynn, thank you SO MUCH for your lovely review. You captured the essence of exactly what we set out to do and it warms our heart to know that you GOT IT! Thank you for taking the time to share. Wishing you and your friend many blessings.","exact_product","https://www.rockthetreatment.com/womens-medium-chemo-basket/"
"stamped","exact_product","60451593","235","Women's Medium Chemo Basket","5","Betsy C.","","","12/08/2021","Ecellent","The patient found every time to be absolutely useful. Great gift package.","true","US","Rock the Treatment","12/16/2021","Thank you so much. We are so happy your friend/family member loved your gift. Wishing you many blessings.","exact_product","https://www.rockthetreatment.com/womens-medium-chemo-basket/"
"stamped","exact_product","58971570","235","Women's Medium Chemo Basket","5","Clyde F.","","","11/14/2021","Chemo basket","Great gift for sister on law","true","US","Rock the Treatment","11/15/2021","So glad. Thank you.","exact_product","https://www.rockthetreatment.com/womens-medium-chemo-basket/"
"stamped","exact_product","54534035","235","Women's Medium Chemo Basket","5","Darbi W.","","","09/18/2021","Best Friend Starting Treatment","This has been the best experience all the way around! My best friend is in the process of beginning both chemo and radiation treatment soon. It's been such a trying time made even more difficult being that we are thousands of miles apart and it's heartbreaking that I can't be there. This is definitely the next best thing. She said this was such a wonderful and thoughtful gift and that from what she could see everything would come in extremely handy. The experience of purchasing the Chemo basket was top notch, I ordered on a Thursday late afternoon, I was notified this was shipped on Friday morning and my Best Friend had the package Monday afternoon! The kindness and care was very much appreciated! I will definitely be back to get her the radiation basket as well. I am truly amazed and thankful!","true","US","Rock the Treatment","09/22/2021","Darbi....you have warmed our heart with your kind words. Thank you so much for taking the time so share your lovely thoughts. We are so happy to hear that your gift was well received and that it brought a bit of joy (and hopefully comfort) during a tough time. We know how difficult it is seeing a someone you care about going through so much so we try extra hard and appreciate you noticing our efforts. Many blessings.","exact_product","https://www.rockthetreatment.com/womens-medium-chemo-basket/"
"stamped","exact_product","53577781","235","Chemo Gift Basket Care Package for Women (Medium) by Rock the Treatment","5","Sally S.","","","09/01/2021","Great gift idea","Our staff purchased this Chemo Basket for a friend. She was very thankful and absolutely loved it. We felt this was the perfect gift for her.","true","US","Rock the Treatment","09/02/2021","Sally, we are so happy that your friend loved your gift. We hope it brought her some comfort and smiles. Thank you for taking the time to share your feedback. Be safe.","exact_product","https://www.rockthetreatment.com/womens-medium-chemo-basket/"
"stamped","exact_product","48318609","235","Chemo Gift Basket Care Package for Women (Medium) by Rock the Treatment","5","Brian P.","","","06/02/2021","Greatest","This basket made my niece so happy. It lifted her spirits I’m very thankful to Stacy. She was so professional n courteous God Bells you","true","US","Rock the Treatment","06/02/2021","Brian, We are so happy to know that your gift made your niece so happy. We really appreciate you taking the time to share your thoughts. Many blessings.","exact_product","https://www.rockthetreatment.com/womens-medium-chemo-basket/"
"stamped","exact_product","48290038","235","Chemo Gift Basket Care Package for Women (Medium) by Rock the Treatment","5","Cindy R.","","","06/02/2021","Perfect for my Niece","I was looking for something that would really be more personalized for my niece, and I am so glad that I found RockTheTreatment on the internet. I never heard of them but after searching the web, finding your site, reading up on the products, realized that this would be perfect for her. I got a quick email confirmation, had to call customer service to verify something and the woman was so kind on the phone. She said the company would even send extra prayers for my niece. My sister said that the basket was wonderful, and I will definitely use your store again! This definitely makes for a thoughtful, practical gift for a cancer patient.","true","US","Rock the Treatment","06/02/2021","Cindy, thank you so much for the kind words. We do our very best to make difficult situations as easy as possible. We are so happy that your niece (and sister) appreciated your gift. Wishing you and your family many blessings.","exact_product","https://www.rockthetreatment.com/womens-medium-chemo-basket/"
"stamped","exact_product","44518081","235","Chemo Gift Basket Care Package for Women (Medium) by Rock the Treatment","5","Colleen B.","","","04/02/2021","Just What She Needed","The experience was seamless. I ordered this for a high school friend who is going through treatment. She lives on the opposite side of the US from me, and she said the package and its contents really brightened her spirit.","true","US","Rock the Treatment","04/03/2021","Colleen, we are so happy to know that your gift helped to lift your high school friends spirits. Thank you for taking the time to share your thoughts. Be safe.","exact_product","https://www.rockthetreatment.com/womens-medium-chemo-basket/"
"stamped","exact_product","43469795","235","Chemo Gift Basket Care Package for Women (Medium) by Rock the Treatment","5","Linda S.","","","03/12/2021","Thankfull","What a beautiful gift surprise from my sisters 😊","false","United States","Rock the Treatment","03/12/2021","Linda, We are so glad that you loved it!! Many blessings.","exact_product","https://www.rockthetreatment.com/womens-medium-chemo-basket/"
"stamped","exact_product","42956744","235","Chemo Gift Basket Care Package for Women (Medium) by Rock the Treatment","5","Lynn C.","","","03/02/2021","Amazing product!","The recipient very much appreciated the gift and the gesture. As the purchaser, I really appreciate the thought that goes into selecting just the right items to make therapy a little less difficult. The owners of the company are so compassionate and treat you like a friend.","true","US","Rock the Treatment","03/02/2021","Lynn, Thank you so much for the compliments. We know what it is like to have a friend or family member diagnosed with cancer, and it we truly feel like all the senders and recipients are our family as well. We appreciate you noticing and taking the time to share your thoughts. Many blessings.","exact_product","https://www.rockthetreatment.com/womens-medium-chemo-basket/"
"stamped","exact_product","42953636","235","Chemo Gift Basket Care Package for Women (Medium) by Rock the Treatment","5","Laurie C.","","","03/02/2021","She loved the gift","I purchased this gift for a friend who is starting treatment for breast cancer. She loved the packaging. It lifted her spirits. She believes the items will be very helpful.","true","US","Rock the Treatment","03/02/2021","Laurie, That is wonderful. We hope that your friend finds a bit of comfort and ease with the items. So glad you were able to help her smile during a difficult time. Many blessings.","exact_product","https://www.rockthetreatment.com/womens-medium-chemo-basket/"
"stamped","exact_product","42180821","235","Chemo Gift Basket Care Package for Women (Medium) by Rock the Treatment","5","michelle b.","","","02/11/2021","Amazing gift and service","My friend and coworker recommended this that she recently has undergone chemo I sent it to my mother-in-law who is just starting chemo and it really lifted her spirits all the products are amazing and she is using every single one the customer service is also incredible they personally emailed my mother-in-law and myself to wish her well thank you so much for helping loved ones care and do some thing to help when we feel so helpless","true","US","Rock the Treatment","02/15/2021","Michelle, We are so happy that your mother in law loved your gift, and that she found it helpful. We wish her and you and your family many blessings. Thank you very much for taking the time to share your thoughts.","exact_product","https://www.rockthetreatment.com/womens-medium-chemo-basket/"
"stamped","exact_product","41651144","235","Chemo Gift Basket Care Package for Women (Medium) by Rock the Treatment","5","Raquelle C.","","","02/02/2021","My Sister was so moved","I bought this for my Sister who just began Chemotherapy. The Rock the Treatment box arrived so quickly and truly right on time. She was so moved, and I was moved by the personal note to me wishing her and all who love her the best. Thank you for everything! God Bless you.","true","US","Rock the Treatment","02/03/2021","Raquelle, We are so glad that your sister received your gift at the perfect time and that it brought her some joy. We hope it brings her a little bit of ease as well. Many blessings!","exact_product","https://www.rockthetreatment.com/womens-medium-chemo-basket/"
"stamped","exact_product","41566584","235","Chemo Gift Basket Care Package for Women (Medium) by Rock the Treatment","5","Melanie J.","","","02/02/2021","Perfect","My cousin was so thrilled to receive this and the shipping was super quick! Thank you","true","US","Rock the Treatment","02/03/2021","Melanie, we are so glad that your cousin was happy receiving your gift. We hope it brought some happiness to a difficult time. Be safe.","exact_product","https://www.rockthetreatment.com/womens-medium-chemo-basket/"
"stamped","exact_product","41564459","235","Chemo Gift Basket Care Package for Women (Medium) by Rock the Treatment","5","tim c.","","","02/02/2021","Great service !","Awesomely awesome!!!!","true","US","Rock the Treatment","02/03/2021","Thank you Tim!! Many blessings.","exact_product","https://www.rockthetreatment.com/womens-medium-chemo-basket/"
"stamped","exact_product","40191450","235","Chemo Gift Basket Care Package for Women (Medium) by Rock the Treatment","5","Denise W.","","","01/06/2021","Medium Chemo Basket","I bought this for my best friend who will start chemo in 2 weeks. She was so thrilled and couldn't thank me enough. You have found the right products...I researched other companies and I was most impressed with yours. Thank you for putting these baskets together. They certainly help to brighten someone's day during a difficult time.","true","US","Rock the Treatment","01/08/2021","Denise, we are so thrilled that your best friend loved your gift and found the products to be helpful! Thank you so much for sharing your lovely thoughts. All good things in 2021!","exact_product","https://www.rockthetreatment.com/womens-medium-chemo-basket/"
"stamped","exact_product","40131950","235","Chemo Gift Basket Care Package for Women (Medium) by Rock the Treatment","5","Anna C.","","","01/05/2021","great product","Very fast shipping & our friend loved her box! They even sent over a personal email right after my order that they would be sending it out ASAP & would be praying for our friend.","true","US","Rock the Treatment","01/05/2021","Anna, thank you. We try to do our very best. Many blessings in 2021!","exact_product","https://www.rockthetreatment.com/womens-medium-chemo-basket/"
"stamped","exact_product","40019128","235","Chemo Gift Basket Care Package for Women (Medium) by Rock the Treatment","5","Kayla P.","","","01/03/2021","Beautiful gift and very helpful","Items in box are very helpful to those battling chemo and it is such a beautiful gesture.","true","US","Rock the Treatment","01/05/2021","Kayla, we are so glad that the box was helpful and that you found it helpful. Wishing you a healthy blessed 2021","exact_product","https://www.rockthetreatment.com/womens-medium-chemo-basket/"
"stamped","exact_product","38343959","235","Chemo Gift Basket Care Package for Women (Medium) by Rock the Treatment","5","Nisha J.","","","12/03/2020","Perfect","Sent this for a friend who said every single item was so useful and just what she needed! thank you so much...","true","US","Rock the Treatment","12/03/2020","Nisha, we are so glad that your friend found the basket useful. Thank you for sharing your feedback. Be safe.","exact_product","https://www.rockthetreatment.com/womens-medium-chemo-basket/"
"stamped","exact_product","37436637","235","Chemo Gift Basket Care Package for Women (Medium) by Rock the Treatment","5","Kelsey W.","","","11/16/2020","Wonderful gift and fabulous service!","Very positive experience! Easy to place the order and shipping was quick! Seems like a very lovely company, providing comfort to many. Our friend loved and appreciated her box! Thank you!","true","US","Rock the Treatment","11/30/2020","Kelsey, we are so pleased that your friend loved the gift. Thank you for taking the time to share your thoughts!","exact_product","https://www.rockthetreatment.com/womens-medium-chemo-basket/"
"stamped","exact_product","36668954","235","Chemo Gift Basket Care Package for Women (Medium) by Rock the Treatment","5","George W.","","","11/02/2020","Simply Outstanding Product & Service","This product was exactly what we wanted to send for my Mothers Stage 4 Lymphoma. She has been enjoying it and it even brought a smile. That in itself speaks volume! It was beautifully wrapped and the contents were excellent. From the time we ordered it to my Mom receiving it everything was Stellar!! Thank You ! Highly Recommend!","true","US","Rock the Treatment","11/12/2020","George, we are so glad to hear that your gift helped your mom feel a bit better and made her smile. That is worth a million bucks! Thank you so much for the compliments and for sharing your experience. Many blessings and stay safe.","exact_product","https://www.rockthetreatment.com/womens-medium-chemo-basket/"
"stamped","exact_product","36645763","235","Chemo Gift Basket Care Package for Women (Medium) by Rock the Treatment","5","Jennifer H.","","","11/02/2020","Sending a Hug","This was a wonderful gift and the recipient loved it. It was nice to be able to send her a hug during this difficult time especially since visitors are limited. Every item was perfect, but she especially raved over the jelly beans.","true","US","Rock the Treatment","11/02/2020","Jennifer, We are so thrilled that the recipient loved your gift. We love the Jelly Belly Cocktail Beans also!! Thank you for taking the time to share your thoughts. Be safe .","exact_product","https://www.rockthetreatment.com/womens-medium-chemo-basket/"
"stamped","exact_product","36620466","235","Chemo Gift Basket Care Package for Women (Medium) by Rock the Treatment","5","Patty P.","","","11/02/2020","Rocked her Treatment","I actually sent this box to my sister who is going through Chemo right now. She was so excited to receive it. She packed some of the snacks to take to her last Chemo appt. Since she has not been eating I was so happy to hear she was taking the snacks to eat. Thank you so much for Rocking her Treatment!!!","true","US","Rock the Treatment","11/02/2020","Patty, we are thrilled that your sister enjoyed receiving your gift and that she found the items fun and useful. Thank you so much for sharing your feedback! Many blessings .","exact_product","https://www.rockthetreatment.com/womens-medium-chemo-basket/"
"stamped","exact_product","36617147","235","Chemo Gift Basket Care Package for Women (Medium) by Rock the Treatment","5","Kimberley R.","","","11/02/2020","Very impressed","Thank you so much for caring enough to create such useful packages but also for emailing me to confirm everything!","true","US","Rock the Treatment","11/02/2020","Kimberly, we are happy to help any way we can. Thank you for sharing your kind words. Many blessings.","exact_product","https://www.rockthetreatment.com/womens-medium-chemo-basket/"
"stamped","exact_product","35434053","235","Chemo Gift Basket Care Package for Women (Medium) by Rock the Treatment","5","Virginia C.","","","10/20/2020","Second order 😢","I’m sad to say that this is the second one of these baskets I’ve ordered for loved ones going through treatment for ovarian cancer. Both were very well received. It’s an awesome and thoughtful alternative to flowers to let your people know you are thinking of them. Sweet and personal customer service. Quick and effortless ordering and delivery.","true","US","Rock the Treatment","10/20/2020","Virginia, we are so sorry that you had the need to send another basket like this. But we appreciate you choosing to use us again. Thank you for taking the time to share your thoughts. Many blessings to you all !","exact_product","https://www.rockthetreatment.com/womens-medium-chemo-basket/"
"stamped","exact_product","35290910","235","Chemo Gift Basket Care Package for Women (Medium) by Rock the Treatment","5","Regina A.","","","10/16/2020","Amazing","That is how she described her chemo gift box. What a wonderful way to be able to help with such a hard time and not exactly sure of what to send. This makes it easy, takes the guess work out and the items are truly appreciated by the recipient. Thank You so much! It was also really nice to get a personal email acknowledging my order being placed.","true","US","Rock the Treatment","10/16/2020","Regina, we are so happy that the recipient loved your gift!! We appreciate your kind words and you taking the time to share them. Many blessings and be safe!","exact_product","https://www.rockthetreatment.com/womens-medium-chemo-basket/"
"stamped","exact_product","34823979","235","Chemo Gift Basket Care Package for Women (Medium) by Rock the Treatment","5","Diane R.","","","10/05/2020","Dependable","I have used this company before, have not been disappointed. Our mother in law was thrilled i could see the smile on her face over the phone. Thank you","true","US","Rock the Treatment","10/06/2020","Diane, we are so sorry that you had the need to send your sister any baskets, much more than once. We appreciate you choosing us. We wish your Mother-in-Law and other recipients many blessings. Thank you for taking the time to share your feedback!","exact_product","https://www.rockthetreatment.com/womens-medium-chemo-basket/"
"stamped","exact_product","34799327","235","Chemo Gift Basket Care Package for Women (Medium) by Rock the Treatment","5","Amy P.","","","10/05/2020","Great gift","We were wanting to get our good friend something to help her cope during this incredibly hard time. This is the perfect gift to help breast cancer patients know we are thinking of them.","true","US","Rock the Treatment","10/06/2020","Amy, Thank for taking the time to share your thoughts. We truly appreciate it. Wishing you many blessings. Stay safe.","exact_product","https://www.rockthetreatment.com/womens-medium-chemo-basket/"
"stamped","exact_product","34730047","235","Chemo Gift Basket Care Package for Women (Medium) by Rock the Treatment","5","Joy H.","","","10/03/2020","Great gift for a friend.","When someone close to you receives a cancer diagnosis, you immediately want to do something to show your support. However, short of sending cards, flowers, and meals...what can you do?.... THIS is a great idea!!! Several of us girlfriends sent this to our dear friend that was about to begin chemo. She LOVED it. It was a great surprise that touched her heart. Shipped quickly! Thank you!!😍😍","true","US","Rock the Treatment","10/06/2020","Joy, thank you so much for the kind words. They are greatly appreciated. We are so happy that your friend LOVED your gift. We hope it brings her a bit of ""Joy ;)"" and some comfort. Many blessings. Be safe.","exact_product","https://www.rockthetreatment.com/womens-medium-chemo-basket/"
"stamped","exact_product","34607406","235","Chemo Gift Basket Care Package for Women (Medium) by Rock the Treatment","5","Kim","","","10/01/2020","Excellent Product","Perfect items, arrived just in time for my sister-in-law's 1st chemo treatment. Thank you. I'll definitely recommend the company in the future!","true","US","Rock the Treatment","10/01/2020","Kim, We are so glad that the timing worked out so well!! We hope your gift brings your sister-in-law a little be of joy and a lot of comfort. Many blessings to your family!","exact_product","https://www.rockthetreatment.com/womens-medium-chemo-basket/"
"stamped","exact_product","33277901","235","Chemo Gift Basket Care Package for Women (Medium) by Rock the Treatment","5","Marybeth J.","","","09/11/2020","Perfect!","This package was just what I was looking for to send to my friend's mom who is going through chemo. She was especially excited about the cozy socks and lotions, and it was delivered at just the perfect time! So excited something like this exists - perfect!!","true","US","Rock the Treatment","09/12/2020","Marybeth, Yay! We are so glad that your friends mom enjoyed her basket. Especially, the socks. We love them too! Thank you for taking the time to share your thoughts. Many blessings.","exact_product","https://www.rockthetreatment.com/womens-medium-chemo-basket/"
"stamped","exact_product","32879378","235","Chemo Gift Basket Care Package for Women (Medium) by Rock the Treatment","5","Elizabeth P.","","","09/02/2020","Amazing!!","Amazing experience all the way around! Great customer service and great quality!!","true","US","Rock the Treatment","09/08/2020","Elizabeth, thank you so much for taking the time to share your thoughts. We greatly appreciate it.","exact_product","https://www.rockthetreatment.com/womens-medium-chemo-basket/"
"stamped","exact_product","32418128","235","Chemo Gift Basket Care Package for Women (Medium) by Rock the Treatment","5","Kittie W.","","","08/24/2020","Thank you!","I sent this box to my cousin who has been fighting CNS Lymphoma for over a year. She loved it!","true","US","Rock the Treatment","08/26/2020","Kittie, we are so happy that your cousin loved your gift. We hope she ROCKS it! Be safe.","exact_product","https://www.rockthetreatment.com/womens-medium-chemo-basket/"
"stamped","exact_product","32345602","235","Chemo Gift Basket Care Package for Women (Medium) by Rock the Treatment","5","Kim R.","","","08/22/2020","Very pleased","This was a gift for someone else. She loved it. For me, I just want to say the Customer Service is absolutely fantastic!","true","US","Rock the Treatment","08/26/2020","Kim, we are so happy that she loved it. Thank you for taking the time to share your thoughts. Be safe.","exact_product","https://www.rockthetreatment.com/womens-medium-chemo-basket/"
"stamped","exact_product","32118372","235","Chemo Gift Basket Care Package for Women (Medium) by Rock the Treatment","5","Dyan A.","","","08/17/2020","Basket for my dearest neighbor","I really enjoyed the customer service experience. I had comfort in knowing where the treatment basket was in shipping. Very thoughtful responses allow along the way. My neighbor informed me that it was right on time and absolutely loved the basket of goodies...:)","true","US","","","","exact_product","https://www.rockthetreatment.com/womens-medium-chemo-basket/"
"stamped","exact_product","32024537","235","Chemo Gift Basket Care Package for Women (Medium) by Rock the Treatment","5","Patricia U.","","","08/15/2020","Excellent Product","This was a gift for someone getting ready for chemo. They were surprised and appreciative. Thoughtfully put together to help with many issues! I would order this again.","true","US","Rock the Treatment","08/17/2020","Thank you Patricia. Be safe.","exact_product","https://www.rockthetreatment.com/womens-medium-chemo-basket/"
"stamped","exact_product","31536308","235","Chemo Gift Basket Care Package for Women (Medium) by Rock the Treatment","5","Susan W.","","","08/06/2020","Happiness from oldest sister","Shopping your website was easy. Good selection. The gift put a big smile on our oldest sister’s face. We are a family of 12!","true","US","Rock the Treatment","08/10/2020","Susan, thank you for taking the time to share your thoughts! We are so happy that your sister enjoyed your gift! Be safe","exact_product","https://www.rockthetreatment.com/womens-medium-chemo-basket/"
"stamped","exact_product","31354253","235","Chemo Gift Basket Care Package for Women (Medium) by Rock the Treatment","5","Emily M.","","","08/02/2020","Great","Great experience!!","true","US","","","","exact_product","https://www.rockthetreatment.com/womens-medium-chemo-basket/"
"stamped","exact_product","31353422","235","Chemo Gift Basket Care Package for Women (Medium) by Rock the Treatment","5","Lynne C.","","","08/02/2020","Wonderful gifts","I bought the women's medium chemo basket for my Aunt going through her breast cancer journey. The basket came in just in time since she was having another chemo session the next day. She loved it and was so grateful. And also thank you to the sweet personalized message from the owner of the company!","true","US","Rock the Treatment","08/04/2020","Lynne, we are so happy to hear that your gift came at a great time and that your Aunt loved it!! Thank you for taking the time to share your thoughts. Many blessings.","exact_product","https://www.rockthetreatment.com/womens-medium-chemo-basket/"
"stamped","exact_product","31146585","235","Chemo Gift Basket Care Package for Women (Medium) by Rock the Treatment","5","Patricia M.","","","07/29/2020","Thanks for Your Website","Ordered the Women's Medium Chemo Basket for my co-worker who will begin her chemo treatments tomorrow; she was very excited to receive her gift and was quite touched to know that our whole office is supporting her as she ""Rock (s) the Treatment""! I was impressed and pleased with the quality of the products and the speed (through snail mail) of delivery. While it's sad to know people have to contend with this awful disease, it's great to have a website called Rock the Treatment to help those feel loved, special and not alone.","true","US","Rock the Treatment","08/02/2020","Patricia, thank you so much for taking the time to share your lovely thoughts. We are so thrilled that your coworker enjoyed receiving your gift. Be safe!!","exact_product","https://www.rockthetreatment.com/womens-medium-chemo-basket/"
"stamped","exact_product","30369181","235","Chemo Gift Basket Care Package for Women (Medium) by Rock the Treatment","5","janice d.","","","07/15/2020","Brought a little sunshine to her day","Brought a little sunshine to her day!! It was a perfect pick me up from my dear friend who’s going through chemotherapy she enjoyed all the special gifts that the little box brought her!!","true","US","Rock the Treatment","07/22/2020","Janice, we are so glad that she got to smile a little and that your gift lifted her spirits. Thank you for sharing. Stay safe.","exact_product","https://www.rockthetreatment.com/womens-medium-chemo-basket/"
"stamped","exact_product","30313253","235","Chemo Gift Basket Care Package for Women (Medium) by Rock the Treatment","5","Barbara T.","","","07/14/2020","Medium Cancer battling basket","We have not heard from the recipient but working with this company was top notch. It was shipped right away and it made us feel like in some way we were trying to help someone battling cancer. My husband has had chemo and radiation in the past and thought all of the products that were included would be helpful, all of them!","true","US","Rock the Treatment","07/22/2020","Barbara, thank you so much for taking the time to share your thoughts. We wish the recipient, your husband and family many blessings. Stay safe.","exact_product","https://www.rockthetreatment.com/womens-medium-chemo-basket/"
"stamped","exact_product","30312026","235","Chemo Gift Basket Care Package for Women (Medium) by Rock the Treatment","5","Donna B.","","","07/14/2020","Women’s Medium Chemo Basket","The recipient throughly appreciated the chemo basket. Renee said it had everything she needed.","true","US","Rock the Treatment","07/14/2020","Donna, we are thrilled that Renee liked your gift and that it had all the supplies she needed. Thank you for taking the time to share. Stay safe!","exact_product","https://www.rockthetreatment.com/womens-medium-chemo-basket/"
"stamped","exact_product","29961670","235","Chemo Gift Basket Care Package for Women (Medium) by Rock the Treatment","5","Elizabeth P.","","","07/06/2020","Wonderful treat!","Great customer service and just a wonderful thought-felt gift for someone going through the unimaginable!! Thank you!!!","true","US","Rock the Treatment","07/07/2020","Elizabeth, thank you so much for the kind words. We greatly appreciate you taking to the time to share your thoughts. Take care and be safe.","exact_product","https://www.rockthetreatment.com/womens-medium-chemo-basket/"
"stamped","exact_product","29899979","235","Chemo Gift Basket Care Package for Women (Medium) by Rock the Treatment","5","Tracey B.","","","07/05/2020","Women's Medium Chemo Basket","Website easy to use. Customer service was superior and the products inside the box are excellent!! I would use this website again and again!","true","US","Rock the Treatment","07/07/2020","Tracey, thank you so much for the kind words. We try very hard. Many blessings to you all.","exact_product","https://www.rockthetreatment.com/womens-medium-chemo-basket/"
"stamped","exact_product","29844992","235","Chemo Gift Basket Care Package for Women (Medium) by Rock the Treatment","5","Dina B.","","","07/04/2020","Rock the Treatment","Great customer service; caring and supportive team!","true","US","Rock the Treatment","07/07/2020","Thank you!! Many Blessings.","exact_product","https://www.rockthetreatment.com/womens-medium-chemo-basket/"
"stamped","exact_product","28651094","235","Chemo Gift Basket Care Package for Women (Medium) by Rock the Treatment","5","Tasha H.","","","06/15/2020","Great basket - my stepmother LOVED it!","My stepmother loved this and thought all of the items were very high quality and useful. Thank you for brightening her week!","true","US","Rock the Treatment","06/15/2020","Tasha, we are so happy to have a small part in making someones day a bit better. Thank you so much for taking the time to share your feedback. Much appreciated. Have a great day and be safe!!","exact_product","https://www.rockthetreatment.com/womens-medium-chemo-basket/"
"stamped","exact_product","28624196","235","Chemo Gift Basket Care Package for Women (Medium) by Rock the Treatment","5","London O.","","","06/13/2020","Highly Recommend!!","Prior to making my purchase I reached out to RockTheTreatment to see if I could personalize a chemo care package. Stacy was super quick to respond and was very friendly. She was able to accommodate my request without hesitation. The chemo care package was was shipped quickly. My friend received her care package on-time and was very grateful for the items she received. If I ever need a chemo care package in the future, I will definitely purchase from RockTheTreatment again. Excellent experience.","true","US","Rock the Treatment","06/15/2020","London, we are always happy to help any way we can. We hope you never have the need to send another basket like this...but if you do, we are hear! Have a great day. Be safe!","exact_product","https://www.rockthetreatment.com/womens-medium-chemo-basket/"
"stamped","exact_product","28282685","235","Chemo Gift Basket Care Package for Women (Medium) by Rock the Treatment","5","angie W.","","","06/08/2020","Womens chemo basket","Was perfect for a cancer patient. I had no idea what to send and it was super helpful and thoughtful with well needed items.","true","US","Rock the Treatment","06/10/2020","Thank you Angie. We appreciate you sharing your thoughts.","exact_product","https://www.rockthetreatment.com/womens-medium-chemo-basket/"
"stamped","exact_product","28078900","235","Chemo Gift Basket Care Package for Women (Medium) by Rock the Treatment","5","Tara V.","","","06/03/2020","Gift in the time of helplessness","I purchased this gift for my dear sister. I wanted her to have what she needed during chemo. This is a great gift to give that can actually help your loved one.","true","US","Rock the Treatment","06/10/2020","Tara, we are so glad that your sister had what she needed. We hope it brought her a bit of comfort. Thank you for sharing your thoughts. Take care.","exact_product","https://www.rockthetreatment.com/womens-medium-chemo-basket/"
"stamped","exact_product","28037131","235","Chemo Gift Basket Care Package for Women (Medium) by Rock the Treatment","5","Dena M.","","","06/03/2020","Love this Box!","I bought the box for my best friend who is going through chemo and she loved it!","true","US","Rock the Treatment","06/03/2020","Dena, we are so happy to hear! Thank you.","exact_product","https://www.rockthetreatment.com/womens-medium-chemo-basket/"
"stamped","exact_product","27978794","235","Chemo Gift Basket Care Package for Women (Medium) by Rock the Treatment","5","Megan N.","","","06/02/2020","Highly recommend","Great idea for a care package box to send to a friend/relative going thru the chemo infusions. The website was User-friendly, excellent customer service, expected time of delivery. The Recipient of my purchase was thrilled by the box and it’s content. Highly recommend!","true","US","Rock the Treatment","06/03/2020","Megan, we are so glad that your gift was well received and that the recipient enjoyed it. Thank you for sharing your thoughts. Be safe.","exact_product","https://www.rockthetreatment.com/womens-medium-chemo-basket/"
"stamped","exact_product","27947812","235","Chemo Gift Basket Care Package for Women (Medium) by Rock the Treatment","5","Brittany H.","","","06/02/2020","Great Mission & Service","I wanted to send a gift to a friend receiving treatment, but didn’t want to go the traditional route. I googled gift ideas and am so glad I found this company. The gift was practical and thoughtful and my friend was really touched. The service was quick too and she received it within a couple days of my order.","true","US","Rock the Treatment","06/03/2020","Brittany, thank you for taking the time to share your lovely feedback. We are so happy that your friend liked your gift! Many blessings!","exact_product","https://www.rockthetreatment.com/womens-medium-chemo-basket/"
"stamped","exact_product","27704096","235","Chemo Gift Basket Care Package for Women (Medium) by Rock the Treatment","5","Sheldon W.","","","05/28/2020","Great Service and Useful","This was a great gift to a friend. The service was terrific and she loved everything in the box. She thought it was well thought out and really helpful.","true","US","Rock the Treatment","05/31/2020","Sheldon, Thank you so much for the kind feedback. We are so glad that your friend/family like the basket.","exact_product","https://www.rockthetreatment.com/womens-medium-chemo-basket/"
"stamped","exact_product","26914879","235","Chemo Gift Basket Care Package for Women (Medium) by Rock the Treatment","5","Grecia C.","","","05/12/2020","Helpful!","I bought this for my mother in law hoping it would help her through the treatment. We aren’t able to go see her and be with her because of COVID-19, so it was such a relief to be able to help her this way. She got her basket a few days after she started her chemo and she was feeling down. That day she was feeling nauseous and had dry mouth, and BOOM, the basket had what she needed. She was so grateful to have things she didn’t even know she needed yet. THANK YOU for helping me help her!","true","US","Rock the Treatment","05/14/2020","Grecia, thank you so much for taking the time to write such a lovely review. We are so happy that your mother in law got your gift at the perfect time!! Many blessings!","exact_product","https://www.rockthetreatment.com/womens-medium-chemo-basket/"
"stamped","exact_product","26279659","235","Chemo Gift Basket Care Package for Women (Medium) by Rock the Treatment","5","Vanessa V.","","","04/30/2020","My Aunt Loved It","She was very impressed with the basket’s contents. I loved how fast the delivery was! Great purchase!","true","US","Rock the Treatment","05/01/2020","Vanessa, it makes us so happy to know that your Aunt loved her gift!! Thank you for sharing. Be safe and many blessings.","exact_product","https://www.rockthetreatment.com/womens-medium-chemo-basket/"
"stamped","exact_product","25815610","235","Chemo Gift Basket Care Package for Women (Medium) by Rock the Treatment","5","Madison B.","","","04/23/2020","Perfect Gift","This was the perfect gift to send at one of the worst times. Was delivered the next day and had everything needed. Was greatly appreciated. Highly recommend.","true","US","Rock the Treatment","04/29/2020","Madison, thank you so much for the positive feedback. Much appreciated!!","exact_product","https://www.rockthetreatment.com/womens-medium-chemo-basket/"
"stamped","exact_product","23290876","235","Chemo Gift Basket Care Package for Women (Medium) by Rock the Treatment","5","Sheila C.","","","03/03/2020","Brightened my sister’s day just after her chemo treatment","Great service, answered my two emails questions promptly with a cheerful attitude.","true","US","Rock the Treatment","03/03/2020","Sheila, We are thrilled that your sister enjoyed your gift!! Many blessings!","exact_product","https://www.rockthetreatment.com/womens-medium-chemo-basket/"
"stamped","exact_product","23132739","235","Chemo Gift Basket Care Package for Women (Medium) by Rock the Treatment","5","Esther C.","","","02/24/2020","A Thoughtful Surprise!","I purchased a medium men's basket for a relative. Long story short, he was thrilled! I could hear the delight in his voice as he talked about the contents of his package. Being at least a 13 hour drive away, this made my mom, siblings and myself feel like we were able to provide a small level of comfort until we see him. Thank you again Stacy!","true","US","Rock the Treatment","02/25/2020","Esther, so GLAD to hear that your relative was thrilled with receiving your gift!! Thank you so much for taking the time to share your thoughts. Many blessings to your family!!","exact_product","https://www.rockthetreatment.com/womens-medium-chemo-basket/"
"stamped","exact_product","22984284","235","Chemo Gift Basket Care Package for Women (Medium) by Rock the Treatment","5","Carly A.","","","02/20/2020","Woman Chemo package","Amazing!! Thank you","true","US","","","","exact_product","https://www.rockthetreatment.com/womens-medium-chemo-basket/"
"stamped","exact_product","22910157","235","Chemo Gift Basket Care Package for Women (Medium) by Rock the Treatment","5","Andrea C.","","","02/18/2020","Medium Box","I sent it to a friend and she messaged me that she had so much fun looking at all the items in the box. She said she was eating some of the chocolate candy while typing to me. Your box contents are the best and as she goes through some very rugged chemo, I know she will use everything. Thank you for providing this service for those of us who want to do something and are too far away to help!","true","US","Rock the Treatment","02/18/2020","Andrea, We love that your friend enjoyed going through all of the items included in your gift. We wish her and her family many many prayers and blessings!","exact_product","https://www.rockthetreatment.com/womens-medium-chemo-basket/"
"stamped","exact_product","21896798","235","Chemo Gift Basket Care Package for Women (Medium) by Rock the Treatment","5","Rhond T.","","","01/19/2020","Best Gift Ever for Chemo Patients","I bought this as a gift for my sister-in-law who has just began two different types of chemo treatments","true","US","Rock the Treatment","01/19/2020","Rhonda, we wish your sister-in-law many prayers and blessings. Thank you for taking the time to write a review.","exact_product","https://www.rockthetreatment.com/womens-medium-chemo-basket/"
"stamped","exact_product","21651268","235","Chemo Gift Basket Care Package for Women (Medium) by Rock the Treatment","5","Laraine O.","","","01/14/2020","Basket was a gift","Communication and caring emails from Stacy from the moment my order went through. I understand that our friend has already begun using some of the contents even though she is in the very early stages of treatment. On her behalf, I thank you very much.","true","US","Rock the Treatment","01/14/2020","Laraine, thank you so much for taking the time to write such a thoughtful review. We are so happy your friend enjoyed the basket. Many blessings.","exact_product","https://www.rockthetreatment.com/womens-medium-chemo-basket/"
"stamped","exact_product","20438297","235","Chemo Gift Basket Care Package for Women (Medium) by Rock the Treatment","5","Natalie U.","","","12/16/2019","Amazing Gift!","I ordered this for my Aunt and she loved it. She said that the queasy pops were a life saver for her. I ordered online and had it shipped to her house and it arrived in a timely manner. I had a friend recommend this site to me and I would highly recommend to anyone else who knows someone going through Chemo. Thank you!","true","US","Rock the Treatment","12/17/2019","Natalie, thank you so much for taking the time to provide a review. We are so happy that your Aunt loved the basket and that she found something that can help her with the awful nausea. Many blessings to your family!","exact_product","https://www.rockthetreatment.com/womens-medium-chemo-basket/"
"stamped","exact_product","19976236","235","Chemo Gift Basket Care Package for Women (Medium) by Rock the Treatment","5","donna g.","","","12/06/2019","Amazing","My brother and sister in-law sent me this care package after I was diagnosed with breast cancer. I used every item in this package during my treatment and it was a blessing. I would highly recommend this for a loved one going thru chemotherapy.","false","United States","Rock the Treatment","12/07/2019","Donna, thank you so much for taking the time to write such a nice review. We are so happy that you found our package to be helpful during such a difficult time. Many Blessings!!","exact_product","https://www.rockthetreatment.com/womens-medium-chemo-basket/"
"stamped","exact_product","19947554","235","Chemo Gift Basket Care Package for Women (Medium) by Rock the Treatment","5","Harriet S.","","","12/04/2019","My friend loved the package","My friend loved all the products. She felt as if someone cared and knew exactly what she was going through.","true","US","Rock the Treatment","12/04/2019","Harriet, thank you for taking the time to write a review. We are so glad to hear that your friend loved the package!! Many blessings.","exact_product","https://www.rockthetreatment.com/womens-medium-chemo-basket/"
"stamped","exact_product","19547624","235","Chemo Gift Basket Care Package for Women (Medium) by Rock the Treatment","5","Margaret B.","","","11/23/2019","Rock the treatment chemo box","My friend loved it and started using it on her first treatment!","true","US","Rock the Treatment","11/25/2019","Margaret, thank you for taking the time to write such a kind review. We are so pleased that your friend liked the basket. Have a great T-giving!","exact_product","https://www.rockthetreatment.com/womens-medium-chemo-basket/"
"stamped","exact_product","17481784","235","Chemo Gift Basket Care Package for Women (Medium) by Rock the Treatment","5","Deborah M.","","","09/30/2019","Wonderful Gift!!","I didn't use it but sent it to 2 friends going through treatment. They absolutely loved the baskets. It was just the perfect gift! I am so happy with this gift!!","true","US","","","","exact_product","https://www.rockthetreatment.com/womens-medium-chemo-basket/"
"stamped","exact_product","17122841","235","Chemo Gift Basket Care Package for Women (Medium) by Rock the Treatment","5","Stephanie F.","","","09/23/2019","Wonderful Work","This company is doing wonderful work. The items that were in the box I purchased were perfect for the patient that is undergoing therapy. This was a perfect box of items that brought such joy to the person whom I purchased it for. You and your company are doing wonderful work. Thank you so much!","true","US","Rock the Treatment","09/24/2019","Stephanie, thank you so much for taking the time to post a review. We appreciate your kind words and are very happy the basket brought a little joy in a difficult time. Many blessings.","exact_product","https://www.rockthetreatment.com/womens-medium-chemo-basket/"
"stamped","exact_product","16914124","235","Chemo Gift Basket Care Package for Women (Medium) by Rock the Treatment","5","Janel S.","","","09/15/2019","Awesome gift!!!","Absolutely loved this box and just the right amount of love and thought to make that special person smile.","true","US","Rock the Treatment","09/19/2019","Thank you Janel! We appreciate you taking the time to write such a great review.","exact_product","https://www.rockthetreatment.com/womens-medium-chemo-basket/"
"stamped","exact_product","16519432","235","Chemo Gift Basket Care Package for Women (Medium) by Rock the Treatment","5","JOY H.","","","09/03/2019","Brightened my friend’s day!","My friend just started chemo and was really struggling. She got the box and cried! She was so excited to try all the goodies. It’s a wonderful gift!","true","US","Rock the Treatment","09/03/2019","Joy, thank you so much for taking the time to write such a wonderful review. We are so glad that your friend enjoyed receiving her box of goodies. Many blessings.","exact_product","https://www.rockthetreatment.com/womens-medium-chemo-basket/"
"stamped","exact_product","16398876","235","Chemo Gift Basket Care Package for Women (Medium) by Rock the Treatment","5","Sarah C.","","","08/28/2019","Perfect chemo basket","My friend loved her basket and said every single item was completely perfect for her needs right now. I hope to never need to, but should I ever have a friend in need again, I will certainly be ordering from RocktheTreatment.","true","US","Rock the Treatment","08/28/2019","Thank you so much for taking the time to write such a wonderful review. We are happy to hear that your friend found the basket useful! Many blessings.","exact_product","https://www.rockthetreatment.com/womens-medium-chemo-basket/"
"stamped","exact_product","14988931","235","Chemo Gift Basket Care Package for Women (Medium) by Rock the Treatment","5","Claudia R.","","","07/08/2019","Thank you Rock The Treatment!!!","I highly recommend Rock The Treatment's services and products to anyone looking to provide a convenient gift for someone going through this process. The website was very user-friendly, and I was able to place my order easily. My giftee was Very pleased with her basket and its contents.","true","US","Rock the Treatment","07/09/2019","Claudia, thank you for your lovely review and the kind words. Much appreciated. We are so pleased that your giftee enjoyed the package.","exact_product","https://www.rockthetreatment.com/womens-medium-chemo-basket/"
"stamped","exact_product","14776727","235","Chemo Gift Basket Care Package for Women (Medium) by Rock the Treatment","5","Louie","","","03/10/2019","Special Treatment from RTT","The recipient was 'overwhelmed' with the gift box replete with 'precious' after-cycles-of-chemo-treatment necessities. Saw rock the treatment online and was relieved to see this patient-approved-package... Many thanks to Stacy for handling and rectifying my error- an address mix up :( You've made my friend happy and me- quite pleased 5 stars for your special treatment :)","true","","","","","exact_product","https://www.rockthetreatment.com/womens-medium-chemo-basket/"
"stamped","exact_product","14776726","235","Chemo Gift Basket Care Package for Women (Medium) by Rock the Treatment","5","Karen","","","03/09/2019","Great comfort","I bought this for my dear friend undergoing chemo. She loved it and I love being able to help make her more comfortable!","true","","","","","exact_product","https://www.rockthetreatment.com/womens-medium-chemo-basket/"
"stamped","exact_product","14776725","235","Chemo Gift Basket Care Package for Women (Medium) by Rock the Treatment","5","Chelsea","","","03/08/2019","Excellent Product!","This is a quality product with lots of thought and effort put into it. Very personable service as well. My friends loved their basket!","true","","","","","exact_product","https://www.rockthetreatment.com/womens-medium-chemo-basket/"
"stamped","exact_product","14776724","235","Chemo Gift Basket Care Package for Women (Medium) by Rock the Treatment","5","Fantasia","","","03/07/2019","You made her really happy","thank you","true","","","","","exact_product","https://www.rockthetreatment.com/womens-medium-chemo-basket/"
"stamped","exact_product","14776723","235","Chemo Gift Basket Care Package for Women (Medium) by Rock the Treatment","5","Terry","","","03/06/2019","THANK YOU SO MUCH!!!","Thank you so much for offering comfort items for those we lovenGoing thru such hard time!nnIt meant so much to me, feeling so helpless knowing all nMy loved one is going throughnnI will share with everyone i know!!!","true","","","","","exact_product","https://www.rockthetreatment.com/womens-medium-chemo-basket/"
"etsy","exact_listing","4796488580","1064269310","Medium Women's Chemo Care Package","5","Wanda","","https://www.etsy.com/people/wddiaz?ref=l_review","Jan 8, 2026","","Excellent product and customer service.","true","","Response from Stacy Lynn Berkowitz","","Thank you! We greatly appreciate you taking the time to share your feedback. Blessings 🙏❤️","exact_listing","https://www.etsy.com/listing/1064269310/chemo-care-package-comfort-gift-basket"
"etsy","exact_listing","4184256387","1064269310","Medium Women's Chemo Care Package","4","Moni","","https://www.etsy.com/people/mgabad?ref=l_review","Aug 5, 2024","","The item arrived quickly and was as described. However given the cost, I was a little underwhelmed by the quality of some of the pieces in the package. Overall though I would recommend this item if you are looking for a gift that is thoughtful to the experience of someone going through cancer treatments.","true","","Response from Stacy Lynn Berkowitz","","Moni, we are so pleased that you were happy with our cancer care package overall. we are always interested in hearing how we can make things even better. we would welcome you reaching out directly so we can get more specifics with the intention of making our chemo care packages even better. blessings 🙏❤️","exact_listing","https://www.etsy.com/listing/1064269310/chemo-care-package-comfort-gift-basket"
"google","company","Ci9DQUlRQUNvZENodHljRjlvT2xsb1kydEZYMFZxUlRGTFdEbFBlV3BhTjFoV1ltYxAB","","","5","Teri Patton Rich","Local Guide·22 reviews·18 photos","https://www.google.com/maps/contrib/117489043999399662511/reviews?hl=en-US","3 weeks ago","","I was researching for something to buy my sister-in-law who is going through a series of chemo when I found your site online. I felt so bad for her and what she was going through and I purchased the women’s chemo care package for her. I was impressed at how quickly it shipped to her. My brother said it was perfect. She has loved every item in the box. He said ""whoever picked the contents, they know chemo…the lozenges, peanut butter crackers & everything else has been perfect for her nausea”. He said some of her church ladies had sweetly been bringing by flowers, but this was so much more helpful and really brought her spirits up. You have a great thing going here and I would recommend them to anyone having to go through this hard time in their lives.","false","","Rock the Treatment (Owner)","2 weeks ago","Thank you so much for your kind words. It means the world to hear that the care package brought your sister-in-law comfort and lifted her spirits during such a difficult time. Please tell your brother his comment ""whoever picked the contents, they know chemo"" is one of the sweetest compliments we could receive. Wishing your sister-in-law strength and brighter days ahead, and thank you for trusting us to be a small part of her journey.","women_chemo_package_unspecified_size","https://www.google.com/search?sca_esv=5e6c1f1176e333b8&si=APenkKm7iecQ4G6P-TsbSMFKIQtv3EFIqRAFw-i8uEbk55Z-_6d3ozmn-eNjsRjteM_rr1YkA11hArt9ujLOgZz9KZWAjmGk7nveI1bbVuvdGZEJHbhtWVmIfCBVEKgB10VCY86lcIajZnyFVsfUU2AeU7H3y-L8Ng%3D%3D&q=Rock+the+Treatment+Reviews&sa=X"
"google","company","Ci9DQUlRQUNvZENodHljRjlvT25Bek5FTm9iRzk1Tmt4NFh6WkVkbEZ0TVhCRlNWRRAB","","","5","Tina DeM","11 reviews·2 photos","https://www.google.com/maps/contrib/104304243486284761696/reviews?hl=en-US","a month ago","","Sent to a family member who was so appreciative of the goodies she could take to chemo the next day. The photos are from her. It’s a well made and thoughtful gift for anyone fighting cancer and I would highly recommend it. The owner has reached out personally both times I've placed orders and is truly special. Thank you!","false","","Rock the Treatment (Owner)","a month ago","It warms our heart to hear that your family member got their cancer care package just in time for their treatment! We loved the pictures thank you for sharing. Wishing your family member and you all many blessings.","possible_women_package","https://www.google.com/search?sca_esv=5e6c1f1176e333b8&si=APenkKm7iecQ4G6P-TsbSMFKIQtv3EFIqRAFw-i8uEbk55Z-_6d3ozmn-eNjsRjteM_rr1YkA11hArt9ujLOgZz9KZWAjmGk7nveI1bbVuvdGZEJHbhtWVmIfCBVEKgB10VCY86lcIajZnyFVsfUU2AeU7H3y-L8Ng%3D%3D&q=Rock+the+Treatment+Reviews&sa=X"
"google","company","Ci9DQUlRQUNvZENodHljRjlvT2tJNVJYVkRkMmRUU2toeE1FMDJOWHBrZDJweU0yYxAB","","","5","Alissa Schneider","4 reviews","https://www.google.com/maps/contrib/116713526510172832122/reviews?hl=en-US","2 months ago","","I recently found out a friend of mine is going through chemo for breast cancer. I wanted to send her something that would be helpful and to let her know that I was thinking of her. She said she cried happy tears when she received the package and that she will be able to use the items during her treatment. The order was shipped and delivered so fast, and when I made a mistake with the delivery address, the company quickly fixed it for me.","false","","Rock the Treatment (Owner)","2 months ago","Thank you so much for your beautiful words. Knowing your friend felt loved, supported, and comforted during such a difficult time truly means the world to us. We’re so grateful we could play a small part in helping you remind her she’s not alone.","possible_women_package","https://www.google.com/search?sca_esv=5e6c1f1176e333b8&si=APenkKm7iecQ4G6P-TsbSMFKIQtv3EFIqRAFw-i8uEbk55Z-_6d3ozmn-eNjsRjteM_rr1YkA11hArt9ujLOgZz9KZWAjmGk7nveI1bbVuvdGZEJHbhtWVmIfCBVEKgB10VCY86lcIajZnyFVsfUU2AeU7H3y-L8Ng%3D%3D&q=Rock+the+Treatment+Reviews&sa=X"
"google","company","Ci9DQUlRQUNvZENodHljRjlvT214NU1FUktVMUl3YUZWU2NDMDNZbWhQYUZoV1JHYxAB","","","5","Deborah Russell","2 reviews","https://www.google.com/maps/contrib/106740556685811894506/reviews?hl=en-US","5 months ago","","I sent one of the women's chemo baskets to my friend and she was so grateful. It was extremely heartwarming to give such a well-received gift. I really didn't want to give some overpriced food basket with stale cookies when food delivery services are everywhere. This was just perfect.","false","","Rock the Treatment (Owner)","5 months ago","Thank you so much for your kind words. It means the world to us to know your gift brought comfort and was so warmly received during such a difficult time. We’re honored to help you support your friend in a meaningful way.","possible_women_package","https://www.google.com/search?sca_esv=5e6c1f1176e333b8&si=APenkKm7iecQ4G6P-TsbSMFKIQtv3EFIqRAFw-i8uEbk55Z-_6d3ozmn-eNjsRjteM_rr1YkA11hArt9ujLOgZz9KZWAjmGk7nveI1bbVuvdGZEJHbhtWVmIfCBVEKgB10VCY86lcIajZnyFVsfUU2AeU7H3y-L8Ng%3D%3D&q=Rock+the+Treatment+Reviews&sa=X"
"google","company","Ci9DQUlRQUNvZENodHljRjlvT21SWFpGRklVSGc1VjA5bldsQlFNV2hXT1RsTFNtYxAB","","","5","leonel rodriguez","Local Guide·28 reviews·2 photos","https://www.google.com/maps/contrib/102373281122015030256/reviews?hl=en-US","7 months ago","","I cannot thank this shop enough for their incredible service. I ordered this for my aunt while she was fighting lung cancer, and the shipping was incredibly fast. The product itself is wonderful—she truly loved it and was so thankful for the gesture. It really lifted her spirits when she needed it most. Thank you for helping me bring a smile to her face.","false","","Rock the Treatment (Owner)","3 months ago","Thank you so much for your incredibly kind words. We’re truly honored that you chose us to support your aunt during such a difficult time. Knowing that it arrived quickly and, more importantly, brought her comfort and lifted her spirits means everything to us.Helping people show love and support when it matters most is exactly why we do what we do. We’re sending so much strength and care to your aunt and your family, and we’re grateful to have been a small part of that moment.","company_level","https://www.google.com/search?sca_esv=5e6c1f1176e333b8&si=APenkKm7iecQ4G6P-TsbSMFKIQtv3EFIqRAFw-i8uEbk55Z-_6d3ozmn-eNjsRjteM_rr1YkA11hArt9ujLOgZz9KZWAjmGk7nveI1bbVuvdGZEJHbhtWVmIfCBVEKgB10VCY86lcIajZnyFVsfUU2AeU7H3y-L8Ng%3D%3D&q=Rock+the+Treatment+Reviews&sa=X"
"google","company","Ci9DQUlRQUNvZENodHljRjlvT21wa05VaHNjV1p5U2pSdFNHcEVOa1JXYzFwblNGRRAB","","","5","Isabelle D.","12 reviews·1 photo","https://www.google.com/maps/contrib/110462555155221091890/reviews?hl=en-US","a month ago","","My brother-in-law was recently diagnosed with cancer and was really happy to receive his package, it included things I never would have thought to give him. The owner personally emailed me to tell me her thoughts and prayers were with him, which was very kind.","false","","Rock the Treatment (Owner)","a month ago","Thank you so much for your kind words. We’re so glad your brother-in-law enjoyed his package and that it brought him some comfort during a difficult time. Sending continued thoughts, prayers, and best wishes to him and your family.","possible_women_package","https://www.google.com/search?sca_esv=5e6c1f1176e333b8&si=APenkKm7iecQ4G6P-TsbSMFKIQtv3EFIqRAFw-i8uEbk55Z-_6d3ozmn-eNjsRjteM_rr1YkA11hArt9ujLOgZz9KZWAjmGk7nveI1bbVuvdGZEJHbhtWVmIfCBVEKgB10VCY86lcIajZnyFVsfUU2AeU7H3y-L8Ng%3D%3D&q=Rock+the+Treatment+Reviews&sa=X"
"google","company","Ci9DQUlRQUNvZENodHljRjlvT2tsRVJYTTVPVTR4YkVreWNHMVhhR28wWVU1b1NGRRAB","","","5","Donna Zajack","8 reviews·5 photos","https://www.google.com/maps/contrib/102386677613274590003/reviews?hl=en-US","a month ago","","I ordered this for my cousin who was just diagnosed with cancer and starting treatment. The thought that went into curating this gift basket was amazing. Thank you so much for this brilliant idea","false","","Rock the Treatment (Owner)","a month ago","Thank you so much for your kind words. It means the world to us to know that the care and thought behind our baskets brought some comfort to your cousin during such a difficult time. We’re honored to be a small part of their journey and are sending our warmest wishes for strength, healing, and brighter days ahead.","company_product_unspecified","https://www.google.com/search?sca_esv=5e6c1f1176e333b8&si=APenkKm7iecQ4G6P-TsbSMFKIQtv3EFIqRAFw-i8uEbk55Z-_6d3ozmn-eNjsRjteM_rr1YkA11hArt9ujLOgZz9KZWAjmGk7nveI1bbVuvdGZEJHbhtWVmIfCBVEKgB10VCY86lcIajZnyFVsfUU2AeU7H3y-L8Ng%3D%3D&q=Rock+the+Treatment+Reviews&sa=X"
"google","company","Ci9DQUlRQUNvZENodHljRjlvT2tKYVoxWm9ORE5sUm5oS1gybzRYMFJyWWpjd01GRRAB","","","5","Tony","3 reviews","https://www.google.com/maps/contrib/105396642614548942222/reviews?hl=en-US","2 months ago","","I got the large chemo kit for a friend and he loved it, both him and his wife were so impressed by all the goodies that were included.","false","","Rock the Treatment (Owner)","2 months ago","Tony, we are so happy to hear that your friend loved the large chemo care package that you sent him. We hope it brought him a lot of comfort and smiles. Thank you for taking the time to share your lovely feedback. Blessings.","possible_women_package","https://www.google.com/search?sca_esv=5e6c1f1176e333b8&si=APenkKm7iecQ4G6P-TsbSMFKIQtv3EFIqRAFw-i8uEbk55Z-_6d3ozmn-eNjsRjteM_rr1YkA11hArt9ujLOgZz9KZWAjmGk7nveI1bbVuvdGZEJHbhtWVmIfCBVEKgB10VCY86lcIajZnyFVsfUU2AeU7H3y-L8Ng%3D%3D&q=Rock+the+Treatment+Reviews&sa=X"
"google","company","Ci9DQUlRQUNvZENodHljRjlvT2tkc2RGQTJUR2xVZGw5b2NYZzBVek5VYkRsT2FtYxAB","","","5","Mary Redler","Local Guide·10 reviews","https://www.google.com/maps/contrib/103225118348396686944/reviews?hl=en-US","10 months ago","","I recently sent this gift to a loved one who is starting chemotherapy. She was so thrilled to get ""such a thoughtful gift."" She had already tried a couple of the included products and liked them very much. She said the anti-nausea lozenges actually helped a lot. I'm so glad I decided to send this well-thought out gift instead of trying to figure it out on my own.","false","","Rock the Treatment (Owner)","10 months ago","Mary, We’re so happy to hear your loved one felt cared for and that the products, especially the anti-nausea lozenges, brought her some real relief. Knowing the package made this part of the journey a little easier means the world to us. Thank you for trusting us with such an important gift. Blessings.","possible_women_package","https://www.google.com/search?sca_esv=5e6c1f1176e333b8&si=APenkKm7iecQ4G6P-TsbSMFKIQtv3EFIqRAFw-i8uEbk55Z-_6d3ozmn-eNjsRjteM_rr1YkA11hArt9ujLOgZz9KZWAjmGk7nveI1bbVuvdGZEJHbhtWVmIfCBVEKgB10VCY86lcIajZnyFVsfUU2AeU7H3y-L8Ng%3D%3D&q=Rock+the+Treatment+Reviews&sa=X"
"google","company","ChdDSUhNMG9nS0VJQ0FnSUMwbFo2aml3RRAB","","","5","Marilynne Rich","Local Guide·10 reviews·6 photos","https://www.google.com/maps/contrib/117199766577610512982/reviews?hl=en-US","6 years ago","","The children's chemotherapy gift basket I ordered from Rock the Treatment was filled with items that helped comfort a very good friend's 4 year old son through his treatment. I spoke to Stacy directly and asked if a few of the child's favorite characters and sports team could be included. Without any hesitation, she said she would find some fun things to include. She made a difficult process a little easier with her compassion and knowledge of helpful products. Ordering was easy and I was notified of tracking and delivery. I highly recommend Rock the Treatment if you find yourself in need of a gift for someone battling cancer.","false","","Rock the Treatment (Owner)","Edited 6 years ago","Marilynne, thank you so much for taking the time to write such a lovely review. We are so pleased that your friends son found comfort and joy in the basket. We wish him and his family many blessings!","possible_women_package","https://www.google.com/search?sca_esv=5e6c1f1176e333b8&si=APenkKm7iecQ4G6P-TsbSMFKIQtv3EFIqRAFw-i8uEbk55Z-_6d3ozmn-eNjsRjteM_rr1YkA11hArt9ujLOgZz9KZWAjmGk7nveI1bbVuvdGZEJHbhtWVmIfCBVEKgB10VCY86lcIajZnyFVsfUU2AeU7H3y-L8Ng%3D%3D&q=Rock+the+Treatment+Reviews&sa=X"
"google","company","ChZDSUhNMG9nS0VJQ0FnSURPaU1takdREAE","","","5","Susan","Local Guide·80 reviews·20 photos","https://www.google.com/maps/contrib/109256665868934823923/reviews?hl=en-US","Edited 4 years ago","","I got my own rock the treatment box when I was told I'd have to undergo chemo treatment. I've never heard of this but my friend sent me a box and I used almost everything in the box. The beanie is still one of my favorite beanies and I got hella compliments on it. The snacks came in handy and the lotions were a life saver!! The chemo rash ain't no joke.I just purchased one for my best friend's father who was diagnosed with cancer in hopes that he finds as much use for everything as I did. It's awesome that there's a 1 stop shop for all things chemo related. I also recommend rockthetreatment in all the cancer support groups and every time someone compliments my beanie. Thank you for creating something so unique and helpful for cancer patients!","false","","Rock the Treatment (Owner)","4 years ago","Susan, We are so sorry that you had to send a basket like this. We are so humbled to hear how much you enjoyed receiving your basket and enjoyed the items in it enough to send one to your best friends father. Thank you very much for your support of our company and for taking the time to share your lovely feedback. We pray for a day where chemo gift baskets like this are no longer needed. Until then, we will be here doing our best to help cancer patients with our gifts.","company_product_unspecified","https://www.google.com/search?sca_esv=5e6c1f1176e333b8&si=APenkKm7iecQ4G6P-TsbSMFKIQtv3EFIqRAFw-i8uEbk55Z-_6d3ozmn-eNjsRjteM_rr1YkA11hArt9ujLOgZz9KZWAjmGk7nveI1bbVuvdGZEJHbhtWVmIfCBVEKgB10VCY86lcIajZnyFVsfUU2AeU7H3y-L8Ng%3D%3D&q=Rock+the+Treatment+Reviews&sa=X"
"google","company","Ci9DQUlRQUNvZENodHljRjlvT21kbVFrbGlWV0pzV1VkbWVVTmxMVFpFZVhsNE1XYxAB","","","5","Kimberly Noble","2 reviews","https://www.google.com/maps/contrib/112239142277019677948/reviews?hl=en-US","3 months ago","","Shipped out incredibly fast. It’s a great care package when you want to show your love and support in a very trying time.","false","","Rock the Treatment (Owner)","3 months ago","Thank you for taking the time to share your kind words. It truly means a lot to us to hear that the package arrived quickly and helped you show love and support during such a difficult time. That’s exactly why we do what we do.We’re honored to be a small part of that moment for you, and we’re sending continued strength and comfort to you and your loved one.","company_level","https://www.google.com/search?sca_esv=5e6c1f1176e333b8&si=APenkKm7iecQ4G6P-TsbSMFKIQtv3EFIqRAFw-i8uEbk55Z-_6d3ozmn-eNjsRjteM_rr1YkA11hArt9ujLOgZz9KZWAjmGk7nveI1bbVuvdGZEJHbhtWVmIfCBVEKgB10VCY86lcIajZnyFVsfUU2AeU7H3y-L8Ng%3D%3D&q=Rock+the+Treatment+Reviews&sa=X"
"google","company","Ci9DQUlRQUNvZENodHljRjlvT21kVlRFdHdkMmRvY1RSVFVtazFha2hMVjBGeWFHYxAB","","","5","Kimberly Nettles","3 reviews","https://www.google.com/maps/contrib/118303131313744671756/reviews?hl=en-US","a year ago","","I sent my best friend a Rock the Treatment gift box and it brought her to tears. She was so grateful for all the helpful items in the box. In her words, “it brought some much needed light during a very dark time”. Wonderful company and I received a personalized email thanking me for my order.","false","","Rock the Treatment (Owner)","a year ago","Thank you so much for your heartfelt words and for trusting us to be part of your best friend's healing journey. We're deeply moved to know the gift box brought her comfort and light during such a difficult time—that’s exactly why Rock the Treatment exists. It means the world to us that you took the time to share your experience, and we’re truly grateful for your support and kindness. Please know we’re sending continued strength and love to both of you. 💜","possible_women_package","https://www.google.com/search?sca_esv=5e6c1f1176e333b8&si=APenkKm7iecQ4G6P-TsbSMFKIQtv3EFIqRAFw-i8uEbk55Z-_6d3ozmn-eNjsRjteM_rr1YkA11hArt9ujLOgZz9KZWAjmGk7nveI1bbVuvdGZEJHbhtWVmIfCBVEKgB10VCY86lcIajZnyFVsfUU2AeU7H3y-L8Ng%3D%3D&q=Rock+the+Treatment+Reviews&sa=X"
"google","company","ChdDSUhNMG9nS0VJQ0FnSURxN0ltOHR3RRAB","","","5","Holly Weinstein","5 reviews·4 photos","https://www.google.com/maps/contrib/109177344171626072325/reviews?hl=en-US","5 years ago","","I am overwhelmed by the generosity of this gift. I’m getting a double mastectomy tomorrow and cannot believe what’s in this basket. Everything is thought of, including toothbrushes with no water needed toothpaste, a special pill holder, pockets for drains, snacks, coloring books with colored pencils, goat milk lotions, note cards, crossword puzzles, dry shampoo, fuzzy socks and on and on and on. It came wrapped in a beautiful basket. My heart is so full. Receiving this basket somehow made me more comfortable going into tomorrow’s surgery. Rock the Treatment, THANK YOU!","false","","Rock the Treatment (Owner)","5 years ago","Holly, thank you for taking the time to share your lovely thoughts. We are so happy that you loved the basket and that it brought you some comfort during a difficult time. Wishing you and your family many blessings!!","company_product_unspecified","https://www.google.com/search?sca_esv=5e6c1f1176e333b8&si=APenkKm7iecQ4G6P-TsbSMFKIQtv3EFIqRAFw-i8uEbk55Z-_6d3ozmn-eNjsRjteM_rr1YkA11hArt9ujLOgZz9KZWAjmGk7nveI1bbVuvdGZEJHbhtWVmIfCBVEKgB10VCY86lcIajZnyFVsfUU2AeU7H3y-L8Ng%3D%3D&q=Rock+the+Treatment+Reviews&sa=X"
"google","company","Ci9DQUlRQUNvZENodHljRjlvT2t4T1duaHlTa0pSUkZWSGFXZFdRa3hKVTNaS2JuYxAB","","","5","Larry Isaacs","Local Guide·20 reviews","https://www.google.com/maps/contrib/113868260045738711031/reviews?hl=en-US","11 months ago","","Rock the Treatment has a wide variety of comfort baskets for chemotherapy patients at affordable prices.I recently ordered a basket from them for a friend. The basket seemed great. I had a question, and when I called, I was given the help I needed, and she added a litle something extra for my friend, and expedited the shipment.A business that was a pleasure to work with.","false","","Rock the Treatment (Owner)","11 months ago","Thank you so much for your kind words! We're so glad the basket brought comfort and that we could help make the experience extra special for your friend. It means the world to us to support you during such meaningful moments.","possible_women_package","https://www.google.com/search?sca_esv=5e6c1f1176e333b8&si=APenkKm7iecQ4G6P-TsbSMFKIQtv3EFIqRAFw-i8uEbk55Z-_6d3ozmn-eNjsRjteM_rr1YkA11hArt9ujLOgZz9KZWAjmGk7nveI1bbVuvdGZEJHbhtWVmIfCBVEKgB10VCY86lcIajZnyFVsfUU2AeU7H3y-L8Ng%3D%3D&q=Rock+the+Treatment+Reviews&sa=X"
"google","company","ChZDSUhNMG9nS0VJQ0FnTUNnbzRhLVNBEAE","","","5","Nicole Buckwalter","7 reviews·1 photo","https://www.google.com/maps/contrib/117652373457847410496/reviews?hl=en-US","a year ago","","My mother got her box and loved everything. She is diabetic and it had so many thoughtful things that she would need. Thank you for thinking of everything. I am hundreds of miles away way and this was a fantastic gift to show I care. She had received other gifts but I think this package has all the things that you may not think of.Thank you!","false","","Rock the Treatment (Owner)","a year ago","❤️ Nicole it warms our heart to hear that your mom loved receiving your cancer care package and that she found it useful. We hope it brought her some comforting with some smiles. Blessings 🙏","company_level","https://www.google.com/search?sca_esv=5e6c1f1176e333b8&si=APenkKm7iecQ4G6P-TsbSMFKIQtv3EFIqRAFw-i8uEbk55Z-_6d3ozmn-eNjsRjteM_rr1YkA11hArt9ujLOgZz9KZWAjmGk7nveI1bbVuvdGZEJHbhtWVmIfCBVEKgB10VCY86lcIajZnyFVsfUU2AeU7H3y-L8Ng%3D%3D&q=Rock+the+Treatment+Reviews&sa=X"
"google","company","Ci9DQUlRQUNvZENodHljRjlvT2paRVRGSXRXbk5oV1VKSk1rbEdNVEJmVkhWQ1NHYxAB","","","5","Patricia OLeary","Local Guide·10 reviews·6 photos","https://www.google.com/maps/contrib/112723082109692749964/reviews?hl=en-US","a month ago","","The friend I purchased this for, absolutely loved it! It was everything she could use!!","false","","Rock the Treatment (Owner)","a month ago","Patricia, we are so happy to hear that your Cancer Care Package brought smile smiles to your friend!!! We hope it brought some comfort as well. Many blessings ❤️🙏","company_level","https://www.google.com/search?sca_esv=5e6c1f1176e333b8&si=APenkKm7iecQ4G6P-TsbSMFKIQtv3EFIqRAFw-i8uEbk55Z-_6d3ozmn-eNjsRjteM_rr1YkA11hArt9ujLOgZz9KZWAjmGk7nveI1bbVuvdGZEJHbhtWVmIfCBVEKgB10VCY86lcIajZnyFVsfUU2AeU7H3y-L8Ng%3D%3D&q=Rock+the+Treatment+Reviews&sa=X"
"google","company","Ci9DQUlRQUNvZENodHljRjlvT2w4MVJsVm9ORzQ0UkdSWFV5MTNWMEZVVkVkdVlVRRAB","","","5","Erica Compton","Local Guide·50 reviews·5 photos","https://www.google.com/maps/contrib/103638497287170953290/reviews?hl=en-US","a year ago","","Several of us purchased the chemo gift box for a co-worker, and she was ELATED by the sentiments. She told us the items in the box were exactly what she needed and very timely, as she had another treatment the day she received the package. The delivery was timely and the contents were spot on!","false","","Rock the Treatment (Owner)","a year ago","Erica, Your words brought tears to our eyes. We are so happy to hear that your coworker was touched by you all and that the items were there for her when / if she needed. We hope it brought her some comfort as well as the smiles. Thank you so much for taking the time to share. Blessings!","possible_women_package","https://www.google.com/search?sca_esv=5e6c1f1176e333b8&si=APenkKm7iecQ4G6P-TsbSMFKIQtv3EFIqRAFw-i8uEbk55Z-_6d3ozmn-eNjsRjteM_rr1YkA11hArt9ujLOgZz9KZWAjmGk7nveI1bbVuvdGZEJHbhtWVmIfCBVEKgB10VCY86lcIajZnyFVsfUU2AeU7H3y-L8Ng%3D%3D&q=Rock+the+Treatment+Reviews&sa=X"
"google","company","ChZDSUhNMG9nS0VJQ0FnSURibUpHUkpnEAE","","","5","Grace M","Local Guide·42 reviews","https://www.google.com/maps/contrib/104458323164128243826/reviews?hl=en-US","a year ago","","My husband received package sent by my sister. This was great he is diabetic everything he received was sugar free!This was just amazing from the treats to beautiful blanket he loved everything. I can't say enough about this it really Rocks! So many useful things in small package couldn't believe how much was in there! All quality items would highly recommend.","false","","Rock the Treatment (Owner)","a year ago","Grace, we are so sorry to hear that your husband needed a gift like this. But we are so happy to hear that our sugar free cancer care package was helpful for him. We hope it brought him some smiles and comfort. Thank you so much for taking the time to share your lovely feedback. Wishing you both many blessings.","company_level","https://www.google.com/search?sca_esv=5e6c1f1176e333b8&si=APenkKm7iecQ4G6P-TsbSMFKIQtv3EFIqRAFw-i8uEbk55Z-_6d3ozmn-eNjsRjteM_rr1YkA11hArt9ujLOgZz9KZWAjmGk7nveI1bbVuvdGZEJHbhtWVmIfCBVEKgB10VCY86lcIajZnyFVsfUU2AeU7H3y-L8Ng%3D%3D&q=Rock+the+Treatment+Reviews&sa=X"
"google","company","ChZDSUhNMG9nS0VJQ0FnSUMxX0xIX0tREAE","","","5","Georgia Grasser","Local Guide·9 reviews·27 photos","https://www.google.com/maps/contrib/101748049636867502926/reviews?hl=en-US","2 years ago","","This was a wonderful thoughtful gift to give to someone going through chemotherapy! I sent this to my sister in law, she was very happy to receive this caring gift. I really loved it because you feel helpless and really want to let them know that you care and are thinking about them. There are many useful items that they will need! Also I like the idea that this company gives back!I would definitely order again!Thank you!","false","","Rock the Treatment (Owner)","2 years ago","Georgia, thank you so much for the kind words. We are so happy to hear that your sister I. Law loved receiving your gift and that sending it gave you some peace knowing your were helping her. We greatly appreciate you taking the time to share. Blessings.","possible_women_package","https://www.google.com/search?sca_esv=5e6c1f1176e333b8&si=APenkKm7iecQ4G6P-TsbSMFKIQtv3EFIqRAFw-i8uEbk55Z-_6d3ozmn-eNjsRjteM_rr1YkA11hArt9ujLOgZz9KZWAjmGk7nveI1bbVuvdGZEJHbhtWVmIfCBVEKgB10VCY86lcIajZnyFVsfUU2AeU7H3y-L8Ng%3D%3D&q=Rock+the+Treatment+Reviews&sa=X"
"google","company","Ci9DQUlRQUNvZENodHljRjlvT21odFJqRlVlRzkxVkdoM05uWm1VMUZUZG1GUWVFRRAB","","","5","Deena Murphy","Local Guide·33 reviews·159 photos","https://www.google.com/maps/contrib/112581207028446783494/reviews?hl=en-US","a year ago","","Our friend absolutely loved it! She is a musician that is currently going through treatment so this theme was perfect. She loved all the different items that will truly be helpful while she is going through her chemo treatments.","false","","Rock the Treatment (Owner)","a year ago","Deena, so happy to hear that your friend loved receiving your Cancer Care Package. We hope it brought her a lot of comfort and helps her ROCK the TREATMENT! We truly appreciate you taking the time to share your lovely feedback. Blessings 🙏🏻❤️","company_level","https://www.google.com/search?sca_esv=5e6c1f1176e333b8&si=APenkKm7iecQ4G6P-TsbSMFKIQtv3EFIqRAFw-i8uEbk55Z-_6d3ozmn-eNjsRjteM_rr1YkA11hArt9ujLOgZz9KZWAjmGk7nveI1bbVuvdGZEJHbhtWVmIfCBVEKgB10VCY86lcIajZnyFVsfUU2AeU7H3y-L8Ng%3D%3D&q=Rock+the+Treatment+Reviews&sa=X"
"google","company","ChZDSUhNMG9nS0VMdmdyNmlrMkt2Ykd3EAE","","","5","John Murphy","4 reviews","https://www.google.com/maps/contrib/109439813747756716271/reviews?hl=en-US","a year ago","","The following is the thank you text after our friend received her large Rock The Treatment care package:""I can't believe yall sent this to me. I'm crying right now. You are the most thoughtful beautiful person EVER!...thank you all from the bottom of our hearts. Everything in this beautiful gift box ticks all the boxes of what I'm going through and need help with!! Especially the word puzzles and coloring book. I have chemo brain. I'm not making sense at all...Everything in the box is so awesome! Thank you so much. I love you.""I think that says it all.","false","","Rock the Treatment (Owner)","a year ago","John, That message brought tears to our eyes. It warms our heart to know that the Chemo Care Package you sent your dear friend was so impactful. We deeply appreciate you taking the time to share such lovely feedback. Blessings.","possible_women_package","https://www.google.com/search?sca_esv=5e6c1f1176e333b8&si=APenkKm7iecQ4G6P-TsbSMFKIQtv3EFIqRAFw-i8uEbk55Z-_6d3ozmn-eNjsRjteM_rr1YkA11hArt9ujLOgZz9KZWAjmGk7nveI1bbVuvdGZEJHbhtWVmIfCBVEKgB10VCY86lcIajZnyFVsfUU2AeU7H3y-L8Ng%3D%3D&q=Rock+the+Treatment+Reviews&sa=X"
"google","company","ChZDSUhNMG9nS0VJQ0FnSUNscnBYQlV3EAE","","","5","Sherry Kalonich","10 reviews·2 photos","https://www.google.com/maps/contrib/116747405257439617594/reviews?hl=en-US","2 years ago","","With my sister in laws first treatment approaching wanted to send her something! I found perfect gift an best company to work with! Gift is appropriate an filled with items she can use right away an she loved the box! I found the company to be genuine..fast service an delivery successful! Thank you all for what your doing!","false","","Rock the Treatment (Owner)","2 years ago","Aw Sherry you are so kind. Thank you so much for your kind words and for taking the time to share them publicly. We pray for a day where we never have the need to send another basket like this. But until then we will be here doing what we can to help cancer warriors and the friends/family that support them. Blessings.","possible_women_package","https://www.google.com/search?sca_esv=5e6c1f1176e333b8&si=APenkKm7iecQ4G6P-TsbSMFKIQtv3EFIqRAFw-i8uEbk55Z-_6d3ozmn-eNjsRjteM_rr1YkA11hArt9ujLOgZz9KZWAjmGk7nveI1bbVuvdGZEJHbhtWVmIfCBVEKgB10VCY86lcIajZnyFVsfUU2AeU7H3y-L8Ng%3D%3D&q=Rock+the+Treatment+Reviews&sa=X"
"google","company","ChdDSUhNMG9nS0VJQ0FnSUNPek5HUGt3RRAB","","","5","Jan Jan","Local Guide·110 reviews·237 photos","https://www.google.com/maps/contrib/115534440945912261316/reviews?hl=en-US","4 years ago","","My friend LOVES her box! Perfection from start to finish—communication, packaging, delivery tracking and confirmation. A personalized note was included for the buyer as well as in the recipient’s gift box. Hope to not ever have to purchase again, but it’s an excellent go-to and wouldn’t hesitate to order again if need be.","false","","Rock the Treatment (Owner)","4 years ago","Jan, we are so pleased that you are happy with your experience and that your friend loved your gift!! We hope it brings her some comfort and smiles. We hope you never have to send another basket like this either, but we will be here if needed. Many blessings.","company_level","https://www.google.com/search?sca_esv=5e6c1f1176e333b8&si=APenkKm7iecQ4G6P-TsbSMFKIQtv3EFIqRAFw-i8uEbk55Z-_6d3ozmn-eNjsRjteM_rr1YkA11hArt9ujLOgZz9KZWAjmGk7nveI1bbVuvdGZEJHbhtWVmIfCBVEKgB10VCY86lcIajZnyFVsfUU2AeU7H3y-L8Ng%3D%3D&q=Rock+the+Treatment+Reviews&sa=X"
"google","company","ChdDSUhNMG9nS0VJQ0FnSURoajhyeHlnRRAB","","","5","Laura Smith","3 reviews","https://www.google.com/maps/contrib/100685463666304639382/reviews?hl=en-US","3 years ago","","I ordered the Radiation Therapy gift basket from Rock the Treatment for a friend who was recently diagnosed with a cancer that requires she undergo surgery followed by radiation. I really had no idea what sort of things were good for someone going through radiation therapy and it seemed a lot of baskets I'd seen elsewhere were more focused on chemo. It was nice to have this option.The ordering experience was super simple, effective and quick. The order shipped the same day and was received within 2 days. Not only that, but in addition to the standard ""your package has shipped"" email that you get pretty much anytime you order something online, Ms. Berk sent a separate email to let me know that the package had shipped, to let me know that her thoughts and prayers were with my friend (and she addressed her by name - I'm intentionally keeping her name out for her privacy). I thought it was a really nice added touch, while I'm sure it didn't take long, it was that added personal touch which meant a lot and made me glad I'd ordered from Rock the Treatment.My friend received her package and send it was wonderful - even though she doesn't start Radiation until later this week.I will admit, I priced some of the items individually prior to ordering to see if the gift basket was overpriced or reasonable and I will say it is very reasonably priced. If you want to send something to a friend or loved one going through cancer treatment, I highly recommend Rock the Treatment!","false","","Rock the Treatment (Owner)","3 years ago","Laura, thank you so much for taking the time to share your lovely feedback. Battling cancer is very personal to the patients and their family and friends. We do our best to keep that in mind each step of the process. We hope your gift brings your friend a lot of comfort during treatment. Many blessings.","possible_women_package","https://www.google.com/search?sca_esv=5e6c1f1176e333b8&si=APenkKm7iecQ4G6P-TsbSMFKIQtv3EFIqRAFw-i8uEbk55Z-_6d3ozmn-eNjsRjteM_rr1YkA11hArt9ujLOgZz9KZWAjmGk7nveI1bbVuvdGZEJHbhtWVmIfCBVEKgB10VCY86lcIajZnyFVsfUU2AeU7H3y-L8Ng%3D%3D&q=Rock+the+Treatment+Reviews&sa=X"
"google","company","ChdDSUhNMG9nS0VJQ0FnSUNjNzVPU3hBRRAB","","","5","Kasenia Colombo","Local Guide·21 reviews·7 photos","https://www.google.com/maps/contrib/112547228047720862603/reviews?hl=en-US","6 years ago","","My sister and I got a medium box for my dad for his birthday as he's going through treatment and he LOVED it! There were so many great little snacks and lotions and puzzles to help pass the time. He was very excited to pack up his little baggie to take with for his next treatment. Highly recommend! Also, Stacy was very helpful and even delayed my shipment to make sure it didn't get to my dad's too early as I wasn't sure how fast it was going to ship when I ordered it. Thanks Stacy!","false","","Rock the Treatment (Owner)","6 years ago","Kasenia, we are so happy that your dad found the gift helpful and that it brightened his day. Glad he got his birthday present at the perfect time! Many blessings 💜.","possible_women_package","https://www.google.com/search?sca_esv=5e6c1f1176e333b8&si=APenkKm7iecQ4G6P-TsbSMFKIQtv3EFIqRAFw-i8uEbk55Z-_6d3ozmn-eNjsRjteM_rr1YkA11hArt9ujLOgZz9KZWAjmGk7nveI1bbVuvdGZEJHbhtWVmIfCBVEKgB10VCY86lcIajZnyFVsfUU2AeU7H3y-L8Ng%3D%3D&q=Rock+the+Treatment+Reviews&sa=X"
"google","company","ChZDSUhNMG9nS0VJQ0FnSUNVcjZPYmVBEAE","","","5","Terri Willeford","6 reviews","https://www.google.com/maps/contrib/114923559267956857166/reviews?hl=en-US","6 years ago","","Recently, I purchased a large Rock the Treatment Chemo Basket for a friend. She loved it and was so touched by the care and concern that went into the selection of each item. I especially liked the personal thank you email I received after placing the order. It mentioned my friend by name and said that my friend is in their thoughts and prayers. I loved that personal touch, especially because I believe in the power of prayer. I hope my friend felt wrapped in love and prayers as she opened her basket and that the basket truly helps her ROCK the TREATMENT.","false","","Rock the Treatment (Owner)","6 years ago","Terri, thank you so much for taking the time to write such a kind review. These gifts are very much a labor of love for us. We deeply appreciate you noticing the love and care we put forth. Many blessings!","possible_women_package","https://www.google.com/search?sca_esv=5e6c1f1176e333b8&si=APenkKm7iecQ4G6P-TsbSMFKIQtv3EFIqRAFw-i8uEbk55Z-_6d3ozmn-eNjsRjteM_rr1YkA11hArt9ujLOgZz9KZWAjmGk7nveI1bbVuvdGZEJHbhtWVmIfCBVEKgB10VCY86lcIajZnyFVsfUU2AeU7H3y-L8Ng%3D%3D&q=Rock+the+Treatment+Reviews&sa=X"
"google","company","Ci9DQUlRQUNvZENodHljRjlvT2xVdFltdFROelJUVG5sWU5HMW5abkI1WmxkbFNIYxAB","","","5","paula shultz","9 reviews","https://www.google.com/maps/contrib/114483775749335405126/reviews?hl=en-US","a year ago","","I bought the large basket for a family member that will be starting chemotherapy the week after this purchase. She said every single item she received will be put to use. She was so grateful. 🤞🙏❤️","false","","Rock the Treatment (Owner)","a year ago","Aww…we are SO glad to hear that. We hope your gift brings her comfort. Thank you so much for taking the time to share. 🙏❤️","possible_women_package","https://www.google.com/search?sca_esv=5e6c1f1176e333b8&si=APenkKm7iecQ4G6P-TsbSMFKIQtv3EFIqRAFw-i8uEbk55Z-_6d3ozmn-eNjsRjteM_rr1YkA11hArt9ujLOgZz9KZWAjmGk7nveI1bbVuvdGZEJHbhtWVmIfCBVEKgB10VCY86lcIajZnyFVsfUU2AeU7H3y-L8Ng%3D%3D&q=Rock+the+Treatment+Reviews&sa=X"
"google","company","ChZDSUhNMG9nS0VJQ0FnSUMzODYzSGRREAE","","","5","Emy Trammel","Local Guide·89 reviews·8 photos","https://www.google.com/maps/contrib/111168211618030013709/reviews?hl=en-US","a year ago","","Love, love, love how much ""Rock The Treatment"" does to give back to others and puts these perfect care packages together for people going through chemo. My BF loved her gift and the items were very much needed. Thank you for being so thoughtful with what you do!","false","","Rock the Treatment (Owner)","a year ago","Em, we are so happy to hear that your BF love your cancer care package. We hope it brought some comfort and smiles. Thank you for taking the time to share your thoughtful feedback. Blessings ❤️🙏","possible_women_package","https://www.google.com/search?sca_esv=5e6c1f1176e333b8&si=APenkKm7iecQ4G6P-TsbSMFKIQtv3EFIqRAFw-i8uEbk55Z-_6d3ozmn-eNjsRjteM_rr1YkA11hArt9ujLOgZz9KZWAjmGk7nveI1bbVuvdGZEJHbhtWVmIfCBVEKgB10VCY86lcIajZnyFVsfUU2AeU7H3y-L8Ng%3D%3D&q=Rock+the+Treatment+Reviews&sa=X"
"google","company","Ci9DQUlRQUNvZENodHljRjlvT2t3MlRrVnphRkJzTms5V2Eyb3hSRWhqVkZobVExRRAB","","","5","Lori Lee","11 reviews","https://www.google.com/maps/contrib/101684015412996386651/reviews?hl=en-US","a year ago","","As a recently diagnosed breast cancer patient, my treatment and surgical research began which included, necessities and preparations for what was to come. I wanted to be as well prepared as possible to ease and aid recovery. In addition, as I would be traveling from Northern Nevada to MDAnderson Cancer Center in Houston Texas for my procedures and treatment, it was vital that I had what I could, in hand before arrival. With the likelihood of post mastectomy / lumpectomy drains etc for a period of time and staying in a hotel near the hospital, I will be anxious to “comfortably” fly back home as soon as possible. I was able to have a wonderful conversation with owner Stacy Berk who offered numerous suggestions (ie ask flight attendants on the longer routes to cool or freeze extra ice packs to switch out) and insights as well as needed and deeply appreciated moral support. To start, I purchased the RTT Breast Cancer Mastectomy Pillow with ice packs. It arrived quickly and will no doubt aid with the initial post surgery discomforts and help protect my suture areas when in a car wearing seat belts or in flight. It will also help “cover” any loosely fitting clothing to accommodate dressings or drains if out in public. I won’t be carrying a strapped purse etc either so the extra pockets for my phone, glasses, and billfold are ideal. time before being able to fly back home. I will learn more next week as to any needed radiation and / chemo followup. If so, I will no doubt be calling Stacy at “Rock the Treatment” for more skin care or other specific products to help get me through! No matter what, I now have a connection and place to go for gifting others living with and surviving cancers with special care products! We all need that “Lift me up Spirit” right??? Well, Stacy sure gifted me with that and more! I will be happy to update my post surgery experience and travels in the coming weeks. In the interim, THANK YOU again Stacy for your personal care and attention as I begin this new cancer journey. It’s a time with heightened stress and anxiety and you helped set me more at ease. We will chat again very soon! Sincerely, Lori Lee","false","","Rock the Treatment (Owner)","a year ago","Lori, To take the time with all you have going on you are an extraordinary person!! It was my privilege to help resolve some of the logistical issue you will have to navigate. (We are will be writing a blog as to help other #CancerWarriors that will have the same issue. Thank you so much for taking the time to sharing. Your feedback truly touched our heart. Wishing you SO MANY BLESSINGS!!!!","company_level","https://www.google.com/search?sca_esv=5e6c1f1176e333b8&si=APenkKm7iecQ4G6P-TsbSMFKIQtv3EFIqRAFw-i8uEbk55Z-_6d3ozmn-eNjsRjteM_rr1YkA11hArt9ujLOgZz9KZWAjmGk7nveI1bbVuvdGZEJHbhtWVmIfCBVEKgB10VCY86lcIajZnyFVsfUU2AeU7H3y-L8Ng%3D%3D&q=Rock+the+Treatment+Reviews&sa=X"
"google","company","Ci9DQUlRQUNvZENodHljRjlvT2paUGExcDVORWxvYUdndFpHMXRUVUZ1VUZGbU9WRRAB","","","4","Joan Martinez","Local Guide·35 reviews·17 photos","https://www.google.com/maps/contrib/117672055439129035866/reviews?hl=en-US","5 months ago","","Sent it to a friend suffering from 911 cancer. It lifted his spirits. I wish it was less expensive because I wanted to go bigger.","false","","Rock the Treatment (Owner)","5 months ago","Thank you so much for sharing this. I’m so glad it lifted your friend’s spirits that truly means everything to us. We completely understand the price concern. Costs are crazy high everywhere right now, so we do our very best to pack each gift with more high-quality, thoughtfully chosen pieces so it feels extra supportive and comforting.Thanks so much for trusting us with your friend. Blessings","company_level","https://www.google.com/search?sca_esv=5e6c1f1176e333b8&si=APenkKm7iecQ4G6P-TsbSMFKIQtv3EFIqRAFw-i8uEbk55Z-_6d3ozmn-eNjsRjteM_rr1YkA11hArt9ujLOgZz9KZWAjmGk7nveI1bbVuvdGZEJHbhtWVmIfCBVEKgB10VCY86lcIajZnyFVsfUU2AeU7H3y-L8Ng%3D%3D&q=Rock+the+Treatment+Reviews&sa=X"
"google","company","ChZDSUhNMG9nS0VJQ0FnTURRbmFQTUR3EAE","","","5","Claire Flaherty","2 reviews","https://www.google.com/maps/contrib/107599811587432358492/reviews?hl=en-US","a year ago","","Beautiful thoughtful gifts. A fantastic service Stacey went out of her way to help me complete my order taking the time to ring me to go through my options. My aunt was delighted with the package and I would highly recommend rock the treatment","false","","Rock the Treatment (Owner)","a year ago","Claire, thank you so much for your very kind review. We are sorry that you had the need to send a gift like this but greatly appreciate you choosing us to help your friend or family member. Wishing you and the recipient many blessings.","possible_women_package","https://www.google.com/search?sca_esv=5e6c1f1176e333b8&si=APenkKm7iecQ4G6P-TsbSMFKIQtv3EFIqRAFw-i8uEbk55Z-_6d3ozmn-eNjsRjteM_rr1YkA11hArt9ujLOgZz9KZWAjmGk7nveI1bbVuvdGZEJHbhtWVmIfCBVEKgB10VCY86lcIajZnyFVsfUU2AeU7H3y-L8Ng%3D%3D&q=Rock+the+Treatment+Reviews&sa=X"
"google","company","ChdDSUhNMG9nS0VJQ0FnSUMwaHBXdHh3RRAB","","","5","Danielle Mediate","7 reviews·2 photos","https://www.google.com/maps/contrib/102537882081364396866/reviews?hl=en-US","6 years ago","","I recently bought a kids basket for my friend’s daughter. She absolutely loved it. The care and love and compassion that clearly goes into making these baskets really shines through. This company is a pleasure to work with. So compassionate, understanding, and efficient. This is really a unique and thoughtful gift to give someone to brighten their spirits. I highly recommend this company.","false","","Rock the Treatment (Owner)","6 years ago","Lucy, We do our best to make difficult situations a little easier and we appreciate you noticing, and taking the time to share your thoughts. We are so happy you daughters friend loved the basket. Many blessings!","company_level","https://www.google.com/search?sca_esv=5e6c1f1176e333b8&si=APenkKm7iecQ4G6P-TsbSMFKIQtv3EFIqRAFw-i8uEbk55Z-_6d3ozmn-eNjsRjteM_rr1YkA11hArt9ujLOgZz9KZWAjmGk7nveI1bbVuvdGZEJHbhtWVmIfCBVEKgB10VCY86lcIajZnyFVsfUU2AeU7H3y-L8Ng%3D%3D&q=Rock+the+Treatment+Reviews&sa=X"
"google","company","ChZDSUhNMG9nS0VJQ0FnSUNjdTV2MWRBEAE","","","5","GrantArtisans Info","7 reviews","https://www.google.com/maps/contrib/110970227417223465349/reviews?hl=en-US","6 years ago","","I ordered the large chemo basket for a dear friend of mine. She absolutely loves her gift. This is actually something that she can—and will use as she goes through her therapy. She was so appreciative because it wasn’t flowers. So glad that I found this unique gift and will definitely reorder, should I have the need. Thanks for such a lovely gift service. Mary (Atlanta, GA)","false","","Rock the Treatment (Owner)","6 years ago","Mary, we hope you will not need to send another gift like this. But if you do, we are here. Thank you for sharing your lovely thoughts. Many blessings.","possible_women_package","https://www.google.com/search?sca_esv=5e6c1f1176e333b8&si=APenkKm7iecQ4G6P-TsbSMFKIQtv3EFIqRAFw-i8uEbk55Z-_6d3ozmn-eNjsRjteM_rr1YkA11hArt9ujLOgZz9KZWAjmGk7nveI1bbVuvdGZEJHbhtWVmIfCBVEKgB10VCY86lcIajZnyFVsfUU2AeU7H3y-L8Ng%3D%3D&q=Rock+the+Treatment+Reviews&sa=X"
"google","company","ChdDSUhNMG9nS0VJQ0FnSUNpNGJ6ZnZnRRAB","","","5","Mary","Local Guide·14 reviews·1 photo","https://www.google.com/maps/contrib/105090326726470720469/reviews?hl=en-US","5 years ago","","We bought the deluxe chemo basket for a family member. It was shipped promptly. The recipient was very surprised and happy to receive great items which he could use during his treatment.The items in the basket were chosen carefully and we think will help the recipient as he is getting treatment.Sometimes helping someone who is going through a difficult medical time is tough to do. This Rock the Treatment box was a thoughtful and helpful gift and brought comfort to the recipient.","false","","Rock the Treatment (Owner)","5 years ago","Mary, we are so happy to hear that the recipient was surprised and happy to receive your gift! Thank you for noticing the time and thought that has been taken to curate our gifts. We do our best to provide a little relief for the many side effects of treatment. Thank you so much for taking the time to share your thoughts. Many blessings and be safe.","company_product_unspecified","https://www.google.com/search?sca_esv=5e6c1f1176e333b8&si=APenkKm7iecQ4G6P-TsbSMFKIQtv3EFIqRAFw-i8uEbk55Z-_6d3ozmn-eNjsRjteM_rr1YkA11hArt9ujLOgZz9KZWAjmGk7nveI1bbVuvdGZEJHbhtWVmIfCBVEKgB10VCY86lcIajZnyFVsfUU2AeU7H3y-L8Ng%3D%3D&q=Rock+the+Treatment+Reviews&sa=X"
"google","company","Ci9DQUlRQUNvZENodHljRjlvT2tNMWNXbGhkWEZVZVVwUFZsTk9lV3RXWjFGTlIyYxAB","","","5","Sonia Bancroft","Local Guide·16 reviews","https://www.google.com/maps/contrib/107438666288387889940/reviews?hl=en-US","10 months ago","","The website was very easy to use and outlined what was in each package. The recipient was very impressed that such a thing existed. I am grateful that a service like this exists. You did all the research so I don’t have to.","false","","Rock the Treatment (Owner)","10 months ago","Sonia, We are so happy to hear that the recipient found the cancer care package useful. We hope it brought a lot of comfort and some smiles as well. We greatly appreciate you taking the time to share your thoughts. Wishing you all many blessings.","company_level","https://www.google.com/search?sca_esv=5e6c1f1176e333b8&si=APenkKm7iecQ4G6P-TsbSMFKIQtv3EFIqRAFw-i8uEbk55Z-_6d3ozmn-eNjsRjteM_rr1YkA11hArt9ujLOgZz9KZWAjmGk7nveI1bbVuvdGZEJHbhtWVmIfCBVEKgB10VCY86lcIajZnyFVsfUU2AeU7H3y-L8Ng%3D%3D&q=Rock+the+Treatment+Reviews&sa=X"
"google","company","ChdDSUhNMG9nS0VJQ0FnSURqNXBEVnRBRRAB","","","5","Becky Rauter","Local Guide·23 reviews·3 photos","https://www.google.com/maps/contrib/105192301359386839918/reviews?hl=en-US","2 years ago","","When we found out someone we care about is starting their treatment journey, we searched for a gift to let them know they are being thought of and that we wanted to help in anyway possible. We ordered the medium Men's Chemo Care Basket. From the kind note received from Stacy Berk with Rock The Treatment to the grateful note from the recipient, this basket was the perfect gift. Thank you, very much, to Stacy and the Rock the Treatment Team!","false","","Rock the Treatment (Owner)","2 years ago","Becky, We greatly appreciate your kind words and are so happy to hear that the recipient loved receiving your gift. We hope it brought him much comfort and a little joy. Thank you so much for taking the time to share your thoughts. Blessings.","company_product_unspecified","https://www.google.com/search?sca_esv=5e6c1f1176e333b8&si=APenkKm7iecQ4G6P-TsbSMFKIQtv3EFIqRAFw-i8uEbk55Z-_6d3ozmn-eNjsRjteM_rr1YkA11hArt9ujLOgZz9KZWAjmGk7nveI1bbVuvdGZEJHbhtWVmIfCBVEKgB10VCY86lcIajZnyFVsfUU2AeU7H3y-L8Ng%3D%3D&q=Rock+the+Treatment+Reviews&sa=X"
"google","company","Ci9DQUlRQUNvZENodHljRjlvT25OT2JTMXZUazFPVTNKM1J6ZEJOREJpUmtWWWRrRRAB","","","5","Sara Vaal","2 reviews","https://www.google.com/maps/contrib/113174154049097943054/reviews?hl=en-US","8 months ago","","Top notch company. Product was great. Perfect for anyone undergoing cancer treatment. My brother in law loved it. Will purchase again.","false","","Rock the Treatment (Owner)","8 months ago","Sara, it warms our heart to hear that your brother in law loved the chemo care package you sent. We pray you do not have a need to send another basket like this for a very long time. Blessings.","company_level","https://www.google.com/search?sca_esv=5e6c1f1176e333b8&si=APenkKm7iecQ4G6P-TsbSMFKIQtv3EFIqRAFw-i8uEbk55Z-_6d3ozmn-eNjsRjteM_rr1YkA11hArt9ujLOgZz9KZWAjmGk7nveI1bbVuvdGZEJHbhtWVmIfCBVEKgB10VCY86lcIajZnyFVsfUU2AeU7H3y-L8Ng%3D%3D&q=Rock+the+Treatment+Reviews&sa=X"
"google","company","ChdDSUhNMG9nS0VJQ0FnSUNIX2QzODJBRRAB","","","5","Alicia “LA” P","Local Guide·44 reviews","https://www.google.com/maps/contrib/113120131654018363045/reviews?hl=en-US","a year ago","","I got the chemo/ radiation box as a gift for my father. He is currently going through radiation and chemo. Customer service is great and prompt. The products are very helpful and the packaging is nice. This is a very nice service offered. It would cost alot more if you tried to purchase these items individually.","false","","Rock the Treatment (Owner)","a year ago","Alicia, thank you so much for taking the time to share your lovely feedback. We hope your gift brought your dad much comfort and smiles as well. Blessings 🙏❤️","company_product_unspecified","https://www.google.com/search?sca_esv=5e6c1f1176e333b8&si=APenkKm7iecQ4G6P-TsbSMFKIQtv3EFIqRAFw-i8uEbk55Z-_6d3ozmn-eNjsRjteM_rr1YkA11hArt9ujLOgZz9KZWAjmGk7nveI1bbVuvdGZEJHbhtWVmIfCBVEKgB10VCY86lcIajZnyFVsfUU2AeU7H3y-L8Ng%3D%3D&q=Rock+the+Treatment+Reviews&sa=X"
"google","company","ChZDSUhNMG9nS0VJQ0FnSURqOTVlM1VBEAE","","","5","Katherine Kiselev","Local Guide·105 reviews·27 photos","https://www.google.com/maps/contrib/113038797151098121020/reviews?hl=en-US","2 years ago","","Incredibly thoughtful care package that puts the patient’s needs first. We bought the large chemo package for our coworker’s mother and she really appreciated it. It was delivered in 2 days in great condition. I highly recommend this to anyone looking to support someone going through a difficult period.","false","","Rock the Treatment (Owner)","2 years ago","Kat, we are sad that you had the need to send a basket like this. But so happy to hear that your coworkers mom appreciated receiving it. We hope it brought her some smiles and comfort. Thank you so much for taking the time toShare your thoughts. Blessings.","possible_women_package","https://www.google.com/search?sca_esv=5e6c1f1176e333b8&si=APenkKm7iecQ4G6P-TsbSMFKIQtv3EFIqRAFw-i8uEbk55Z-_6d3ozmn-eNjsRjteM_rr1YkA11hArt9ujLOgZz9KZWAjmGk7nveI1bbVuvdGZEJHbhtWVmIfCBVEKgB10VCY86lcIajZnyFVsfUU2AeU7H3y-L8Ng%3D%3D&q=Rock+the+Treatment+Reviews&sa=X"
"google","company","ChZDSUhNMG9nS0VJQ0FnSUNLdXV6MFNREAE","","","5","Jan Wengler","3 reviews","https://www.google.com/maps/contrib/110875788199427840128/reviews?hl=en-US","5 years ago","","I wanted to send my friend a radiation gift that wasn't all hearts and flowers sentimental. The radiation basket was full of thoughtful, useful gifts and I thought it might be just the thing - especially since I couldn't visit her. Ordering was quick and easy and delivery was fast. My friend loved the basket and said she could use every single item. She also said she would send exactly the same basket to any other friends who found themselves in the same situation. Thanks for making her day!","false","","Rock the Treatment (Owner)","5 years ago","Jan, we are so glad that your friend loved your gift and that it brought her joy (and hopefully comfort) during a difficult time. That she loved it enough to send to someone herself, it the highest of compliments. We hope that neither of you have the need to send another basket like this anytime soon!! But if you do, we are happy to help any way we can. Many blessings.","company_level","https://www.google.com/search?sca_esv=5e6c1f1176e333b8&si=APenkKm7iecQ4G6P-TsbSMFKIQtv3EFIqRAFw-i8uEbk55Z-_6d3ozmn-eNjsRjteM_rr1YkA11hArt9ujLOgZz9KZWAjmGk7nveI1bbVuvdGZEJHbhtWVmIfCBVEKgB10VCY86lcIajZnyFVsfUU2AeU7H3y-L8Ng%3D%3D&q=Rock+the+Treatment+Reviews&sa=X"
"google","company","ChdDSUhNMG9nS0VJQ0FnSUNVMktqQnZnRRAB","","","5","Nancy Brotherton","Local Guide·27 reviews·2 photos","https://www.google.com/maps/contrib/108335791836337319788/reviews?hl=en-US","7 years ago","","We ordered the Large Women's Chemo Basket for our co-worker. I had some payment questions so I called & left a message. Stacy got right back to me. She was exceptionally nice & very willing to help out. We got our order situated & the basket was on it's way. Our co-worker really loved it & said there were many things in it that were useful to her right away. I would definitely order from this company again just based on their excellent customer service.","false","","Rock the Treatment (Owner)","7 years ago","Nancy, thank you so much for your beautiful review. We are so happy that your coworker enjoyed the basket and found it helpful. Many blessings!","conflicting_size_explicit","https://www.google.com/search?sca_esv=5e6c1f1176e333b8&si=APenkKm7iecQ4G6P-TsbSMFKIQtv3EFIqRAFw-i8uEbk55Z-_6d3ozmn-eNjsRjteM_rr1YkA11hArt9ujLOgZz9KZWAjmGk7nveI1bbVuvdGZEJHbhtWVmIfCBVEKgB10VCY86lcIajZnyFVsfUU2AeU7H3y-L8Ng%3D%3D&q=Rock+the+Treatment+Reviews&sa=X"
"google","company","ChdDSUhNMG9nS0VJQ0FnSUNXbU5EeGhBRRAB","","","5","Holly Stettner","Local Guide·46 reviews·72 photos","https://www.google.com/maps/contrib/114642250725665149492/reviews?hl=en-US","4 years ago","","I wanted to order a medium Rock the Treatment box for a friends 17 year old daughter diagnosed almost overnight with stage 4 cancer. She was in between the adult box and the kid box. I emailed and received a call right away from the owner. We chatted for a bit and came up with a solution. She was kind, caring and quite generous. The box arrived a couple of days later and the young lady LOVED it! She said many of the items are helping her with the initial hardcore chemo schedule she's had to endure the past 18 days in the hospital. Thank you!","false","","Rock the Treatment (Owner)","4 years ago","Holly, it was such a pleasure working with you. We were happy to help any way we could. We are praying that your gift brought some comfort and smiles during such a difficult time. Wishing many prayers and blessings.","possible_women_package","https://www.google.com/search?sca_esv=5e6c1f1176e333b8&si=APenkKm7iecQ4G6P-TsbSMFKIQtv3EFIqRAFw-i8uEbk55Z-_6d3ozmn-eNjsRjteM_rr1YkA11hArt9ujLOgZz9KZWAjmGk7nveI1bbVuvdGZEJHbhtWVmIfCBVEKgB10VCY86lcIajZnyFVsfUU2AeU7H3y-L8Ng%3D%3D&q=Rock+the+Treatment+Reviews&sa=X"
"google","company","Ci9DQUlRQUNvZENodHljRjlvT2taWWRYWkNkRFp4VG5nd2NHMUxXbGRYUkhaRk5rRRAB","","","5","sandra martins","4 reviews","https://www.google.com/maps/contrib/113253212956741403058/reviews?hl=en-US","5 months ago","","My order arrived quickly and my friend loved everything. She’s set for battle!","false","","Rock the Treatment (Owner)","5 months ago","Thank you for taking the time to share your thoughts. We are so glad to hear that your friend love your gift. She’s ready to ROCK her TREATMENT!! Blessings!!","company_level","https://www.google.com/search?sca_esv=5e6c1f1176e333b8&si=APenkKm7iecQ4G6P-TsbSMFKIQtv3EFIqRAFw-i8uEbk55Z-_6d3ozmn-eNjsRjteM_rr1YkA11hArt9ujLOgZz9KZWAjmGk7nveI1bbVuvdGZEJHbhtWVmIfCBVEKgB10VCY86lcIajZnyFVsfUU2AeU7H3y-L8Ng%3D%3D&q=Rock+the+Treatment+Reviews&sa=X"
"google","company","ChZDSUhNMG9nS0VJQ0FnSUQ4al9uWWVnEAE","","","5","Koreen Diatte","Local Guide·10 reviews","https://www.google.com/maps/contrib/106531219028411870814/reviews?hl=en-US","5 years ago","","I will admit that I hesitantly ordered this for very good friends 30-year old son who found himself battling colon cancer. I wanted to do something unique and helpful to let them know how much we cared. To my relief, they were stunned when they received their box. They were so grateful and appreciated the thoughtfulness that went into each item in the box. My friend commented again on how wonderful the products have been and how much they feel loved and thought of. I had no need to worry! They loved it!","false","","Rock the Treatment (Owner)","Edited 5 years ago","Koreen, we are so happy that your gift was well received and that there was no need to fret. Thank you so much for taking the time to share your experience. Many blessings and stay safe!","company_product_unspecified","https://www.google.com/search?sca_esv=5e6c1f1176e333b8&si=APenkKm7iecQ4G6P-TsbSMFKIQtv3EFIqRAFw-i8uEbk55Z-_6d3ozmn-eNjsRjteM_rr1YkA11hArt9ujLOgZz9KZWAjmGk7nveI1bbVuvdGZEJHbhtWVmIfCBVEKgB10VCY86lcIajZnyFVsfUU2AeU7H3y-L8Ng%3D%3D&q=Rock+the+Treatment+Reviews&sa=X"
"google","company","ChZDSUhNMG9nS0VJQ0FnSURNMmVhOWRnEAE","","","5","Jill P","Local Guide·21 reviews·1 photo","https://www.google.com/maps/contrib/112346188571168695486/reviews?hl=en-US","6 years ago","","I don't often write reviews but in this case I felt it was necessary. I placed an order for someone who needed I smile. I found this company because I was googling gifts for people with cancer. I placed my order and immediately received a response saying that my order was placed and it would be delivered in the next couple of days. I was so surprised at the quick response and it wasn't one of those automated emails that my order has been placed, a person actually sent the email. A couple of weeks later I saw the person that the gift was sent to, I had never heard from her. I asked her if she received the gift and she said yes but she didn't know who it was from because there was no note. She gushed over how much she loved the ROCK THE TREATMENT box. I don't know if she just didn't see the note or if it wasn't there. So now this is two months later and I sent an email to the company explaining what the recipient told me. Again, immediately I received a response. Stacey told me how sorry she was and how thankful she was that I was telling her about this because she always wants the best for the recipients and the purchaser. She offered to send something to the recipient, the original note and an apology. So like I said I don't often write reviews but when you find a company and people who are so attentive and personable and care so much about their product a review is absolutely necessary. So my recommendation is that if you are looking to cheer up someone with cancer you can't find a better company than ROCK THE TREATMENT!!!!!","false","","Rock the Treatment (Owner)","6 years ago","Jill, we so appreciate you taking the time to write such a thoughtful review. We do our very best to get everything perfect 100% of the time. Unfortunately, we know a mistake or two is inevitable. To us, the measure of a company is not in the mistake but how the mistake is handled. Your patience, understanding and kindness despite the fact all was not perfect I’d deeply appreciated. Many blessings.","possible_women_package","https://www.google.com/search?sca_esv=5e6c1f1176e333b8&si=APenkKm7iecQ4G6P-TsbSMFKIQtv3EFIqRAFw-i8uEbk55Z-_6d3ozmn-eNjsRjteM_rr1YkA11hArt9ujLOgZz9KZWAjmGk7nveI1bbVuvdGZEJHbhtWVmIfCBVEKgB10VCY86lcIajZnyFVsfUU2AeU7H3y-L8Ng%3D%3D&q=Rock+the+Treatment+Reviews&sa=X"
"google","company","ChdDSUhNMG9nS0VJQ0FnSUNqZ0t2OTBRRRAB","","","5","Jamillah Hall","Local Guide·26 reviews·4 photos","https://www.google.com/maps/contrib/103868668396935866150/reviews?hl=en-US","2 years ago","","My niece received her package and the joy on her face when she opened her box is indescribable. Thank you Rock the Treatment for this amazing gift, but also your prayers, care, and compassion. I am in tears. God bless you all!","false","","Rock the Treatment (Owner)","2 years ago","Jamilah, ❤️ thank you so much for sharing. It truly warms our heart to hear your gift made your nieces day a bit more joyful. Blessings","possible_women_package","https://www.google.com/search?sca_esv=5e6c1f1176e333b8&si=APenkKm7iecQ4G6P-TsbSMFKIQtv3EFIqRAFw-i8uEbk55Z-_6d3ozmn-eNjsRjteM_rr1YkA11hArt9ujLOgZz9KZWAjmGk7nveI1bbVuvdGZEJHbhtWVmIfCBVEKgB10VCY86lcIajZnyFVsfUU2AeU7H3y-L8Ng%3D%3D&q=Rock+the+Treatment+Reviews&sa=X"
"google","company","ChZDSUhNMG9nS0VJQ0FnSUNhaWVEWmJnEAE","","","5","Jane LaBarre","5 reviews","https://www.google.com/maps/contrib/113015386133283159812/reviews?hl=en-US","4 years ago","","Rock The Treatment is an amazing company. I was excited to find them when I wanted to send a basket to a colleague. Shortly after I placed the order I found out my colleague had passed away . Rock The Treatment instantly stopped the basket from shipping and refunded the charges. They sent thoughtful words to me to acknowledge the order as well as to let me know that they were able to get to the basket before shipping. Their personal touch was extremely meaningful. I will use them again.","false","","Rock the Treatment (Owner)","4 years ago","Jane, we were so sorry to hear of your colleagues passing, and were very happy that we were able to stop the package from being shipped. We hope you never have to send another basket like this, but if you do we will be here to help! Blessings and prayers.","company_product_unspecified","https://www.google.com/search?sca_esv=5e6c1f1176e333b8&si=APenkKm7iecQ4G6P-TsbSMFKIQtv3EFIqRAFw-i8uEbk55Z-_6d3ozmn-eNjsRjteM_rr1YkA11hArt9ujLOgZz9KZWAjmGk7nveI1bbVuvdGZEJHbhtWVmIfCBVEKgB10VCY86lcIajZnyFVsfUU2AeU7H3y-L8Ng%3D%3D&q=Rock+the+Treatment+Reviews&sa=X"
"google","company","ChdDSUhNMG9nS0VJQ0FnSURNbnNqSjJnRRAB","","","5","Quinn Morrison","1 review","https://www.google.com/maps/contrib/106345646645066522735/reviews?hl=en-US","6 years ago","","The gift box put together by Rock The Treatment took the guesswork out of what would be really appreciated by who I was sending it to. After ordering, I received a personal note with extra support and caring thoughts about my friend. It really meant a lot to receive that. When my friend got the gift box, she was very thankful and enjoyed the goodies. Thank you Rock The Treatment!","false","","Rock the Treatment (Owner)","6 years ago","Quinn, thank you for taking the time to write such a nice review. We are so pleased that your friend enjoyed the package. Many blessings 🙏🏻","possible_women_package","https://www.google.com/search?sca_esv=5e6c1f1176e333b8&si=APenkKm7iecQ4G6P-TsbSMFKIQtv3EFIqRAFw-i8uEbk55Z-_6d3ozmn-eNjsRjteM_rr1YkA11hArt9ujLOgZz9KZWAjmGk7nveI1bbVuvdGZEJHbhtWVmIfCBVEKgB10VCY86lcIajZnyFVsfUU2AeU7H3y-L8Ng%3D%3D&q=Rock+the+Treatment+Reviews&sa=X"
"google","company","ChdDSUhNMG9nS0VJQ0FnSUQ5bUxYX3B3RRAB","","","5","Gisela Monroe","Local Guide·12 reviews","https://www.google.com/maps/contrib/113653087104725653826/reviews?hl=en-US","2 years ago","","These rock the treatment boxes are truly amazing! They definitely help brighten up anyone's mood especially those going through chemo! I definitely recommend them and the best part of the package is that part of the proceeds go to help cancer foundations!","false","","Rock the Treatment (Owner)","2 years ago","Grisela, Thank you!! We are so appreciative of your support and taking the time to share your kind thoughts. Blessings.","company_product_unspecified","https://www.google.com/search?sca_esv=5e6c1f1176e333b8&si=APenkKm7iecQ4G6P-TsbSMFKIQtv3EFIqRAFw-i8uEbk55Z-_6d3ozmn-eNjsRjteM_rr1YkA11hArt9ujLOgZz9KZWAjmGk7nveI1bbVuvdGZEJHbhtWVmIfCBVEKgB10VCY86lcIajZnyFVsfUU2AeU7H3y-L8Ng%3D%3D&q=Rock+the+Treatment+Reviews&sa=X"
"google","company","ChdDSUhNMG9nS0VJQ0FnSUNoOVp5cXRRRRAB","","","5","Susan Hecht","Local Guide·23 reviews","https://www.google.com/maps/contrib/117556877671401791437/reviews?hl=en-US","3 years ago","","What an amazing gift basket for someone going through cancer treatments. My cousin was blown away by the gift and so appreciative of the thoughtfulness that went into the chemo/radiation basket. Customer service was fantastic. Stacy followed up after the order to make sure everything was satisfactory. Wish we didn't need this service but WOW. Thank you again!","false","","Rock the Treatment (Owner)","3 years ago","Susan, thank you so much for the kind words. We truly appreciate them! We are so happy to hear that your cousin loved your gift! We hope it brings some comfort. Many blessings ❤️","company_product_unspecified","https://www.google.com/search?sca_esv=5e6c1f1176e333b8&si=APenkKm7iecQ4G6P-TsbSMFKIQtv3EFIqRAFw-i8uEbk55Z-_6d3ozmn-eNjsRjteM_rr1YkA11hArt9ujLOgZz9KZWAjmGk7nveI1bbVuvdGZEJHbhtWVmIfCBVEKgB10VCY86lcIajZnyFVsfUU2AeU7H3y-L8Ng%3D%3D&q=Rock+the+Treatment+Reviews&sa=X"
"google","company","ChdDSUhNMG9nS0VJQ0FnSUN1aU9TTWdBRRAB","","","5","Nikki Soltis","2 reviews","https://www.google.com/maps/contrib/105164133765058219680/reviews?hl=en-US","4 years ago","","My aunt recently started her chemo treatment so I thought this was the perfect pick me up surprise for her to try and make a horrible experience a little better. The owner personally emailed me to let me know they got my order and said she would pray for my aunt. So sweet! When my aunt got the box she absolutely loved it!! Highly recommend this for a friend/family member going through chemo.","false","","Rock the Treatment (Owner)","4 years ago","Nikki, SO glad that your Aunt loved receiving your gift! We hope it helps to bring her some comfort and know that she is loved and supported. We appreciate you taking the time to share your thoughts. Many blessings.","possible_women_package","https://www.google.com/search?sca_esv=5e6c1f1176e333b8&si=APenkKm7iecQ4G6P-TsbSMFKIQtv3EFIqRAFw-i8uEbk55Z-_6d3ozmn-eNjsRjteM_rr1YkA11hArt9ujLOgZz9KZWAjmGk7nveI1bbVuvdGZEJHbhtWVmIfCBVEKgB10VCY86lcIajZnyFVsfUU2AeU7H3y-L8Ng%3D%3D&q=Rock+the+Treatment+Reviews&sa=X"
"google","company","ChZDSUhNMG9nS0VJQ0FnSURjZ0w3QkdREAE","","","5","Madison Guthrie","3 reviews","https://www.google.com/maps/contrib/101485935359123460312/reviews?hl=en-US","6 years ago","","I ordered the chemo and radiation box for my brother in law who was just diagnosed. His treatments are super intense and the box came with everything he needs and is totally designed for his treatments and to help him feel better. He was so moved by it. Also, the seller is really sweet and reached out personally with such kind words. She didn’t say it but I have a feeling she deeply understands the impact of cancer on a personal level. For anyone going through treatments right now, this makes a fabulous and heartfelt gift. ❤️","false","","Rock the Treatment (Owner)","6 years ago","Madison, thank you for taking the time to share your thoughts. We are so sorry to hear of your brother in laws diagnosis. We are so glad your gift helped him feel a little bit better. Many blessings.","possible_women_package","https://www.google.com/search?sca_esv=5e6c1f1176e333b8&si=APenkKm7iecQ4G6P-TsbSMFKIQtv3EFIqRAFw-i8uEbk55Z-_6d3ozmn-eNjsRjteM_rr1YkA11hArt9ujLOgZz9KZWAjmGk7nveI1bbVuvdGZEJHbhtWVmIfCBVEKgB10VCY86lcIajZnyFVsfUU2AeU7H3y-L8Ng%3D%3D&q=Rock+the+Treatment+Reviews&sa=X"
"google","company","ChZDSUhNMG9nS0VJQ0FnSUR5MEppNWV3EAE","","","5","chriscilla browning","8 reviews","https://www.google.com/maps/contrib/105664317663978546775/reviews?hl=en-US","5 years ago","","AMAZING company!!! Recently, my mom told me she had cancer.....my world stopped. Literally everything turned to a blur, but she can fight this!! I will do whatever it takes to get her through the next 6 weeks of radiation & chemo.I was researching the best products for cancer patients when I ran across the MOST incredible company that has already researched everything for you! At this point I had about 7 items written down, and when I found this ultimate Chemo box I knew it was PERFECT! My mom's package arrived today and her excitement was beyond what I hoped for...she was thrilled!!! Of course no one wants to need this kind of care package, but she was thrilled to be well equipped with good quality products to help her through the terrible side effects. THANK YOU Rock The Treatment for your quality gift packages that helped make my mom's day brighter.","false","","Rock the Treatment (Owner)","5 years ago","Chriscilla, thank you so much! Your review truly touched our heart. We are so happy to hear that your beautiful mom loved your gift and that you were able to bring her some joy during a very difficult time. We wish her and your family many blessings! 🙏🏻. Thank you so much for taking the time to share your thoughts. ❤️","possible_women_package","https://www.google.com/search?sca_esv=5e6c1f1176e333b8&si=APenkKm7iecQ4G6P-TsbSMFKIQtv3EFIqRAFw-i8uEbk55Z-_6d3ozmn-eNjsRjteM_rr1YkA11hArt9ujLOgZz9KZWAjmGk7nveI1bbVuvdGZEJHbhtWVmIfCBVEKgB10VCY86lcIajZnyFVsfUU2AeU7H3y-L8Ng%3D%3D&q=Rock+the+Treatment+Reviews&sa=X"
"google","company","ChdDSUhNMG9nS0VJQ0FnSUNXcUppZHhnRRAB","","","5","Deirdre Cardona","Local Guide·31 reviews","https://www.google.com/maps/contrib/104099224354156127454/reviews?hl=en-US","4 years ago","","I am currently being treated for Cancer and recieved an awesome box filled with wonderful useful and fun things. It prompted me to purchase the hat combination for my friend who also has Cancer. She loved it. Next I purchased several bracelets and I look forward to giving them out to my treatment team as a token of my gratitude.Great products and fun packaging. Deirdre","false","","Rock the Treatment (Owner)","4 years ago","Deirdre, we are thrilled that you liked your gift enough to want to purchase items for your friends and medical team!! We hope you (and your team) also enjoyed the extra goodies we included. Many blessings!!","possible_women_package","https://www.google.com/search?sca_esv=5e6c1f1176e333b8&si=APenkKm7iecQ4G6P-TsbSMFKIQtv3EFIqRAFw-i8uEbk55Z-_6d3ozmn-eNjsRjteM_rr1YkA11hArt9ujLOgZz9KZWAjmGk7nveI1bbVuvdGZEJHbhtWVmIfCBVEKgB10VCY86lcIajZnyFVsfUU2AeU7H3y-L8Ng%3D%3D&q=Rock+the+Treatment+Reviews&sa=X"
"google","company","ChZDSUhNMG9nS0VJQ0FnSURjeEs2NFpnEAE","","","5","Tom Danos","7 reviews","https://www.google.com/maps/contrib/116257631723986129983/reviews?hl=en-US","Edited 5 years ago","","I got the chemo Rock the Treatment basket for my daughter who is in the first half of a 15 week chemotherapy protocol. When she received it, she phoned me and said, ""You hit it out of the park!"" She was delighted with all of the 16 items in the basket. It truly lifted her spirits (and mine). I will next order the radiation basket. I just ordered the radiation basket and just as before, my daughter was thrilled to have such wonderful soothing items. Many thanks to Stacy and the great customer service!","false","","Rock the Treatment (Owner)","6 years ago","Tom, thank you so much for taking the time to write such a lovely review. We are so happy that your daughter loved the chemo gift. Many blessings to her and your family!","possible_women_package","https://www.google.com/search?sca_esv=5e6c1f1176e333b8&si=APenkKm7iecQ4G6P-TsbSMFKIQtv3EFIqRAFw-i8uEbk55Z-_6d3ozmn-eNjsRjteM_rr1YkA11hArt9ujLOgZz9KZWAjmGk7nveI1bbVuvdGZEJHbhtWVmIfCBVEKgB10VCY86lcIajZnyFVsfUU2AeU7H3y-L8Ng%3D%3D&q=Rock+the+Treatment+Reviews&sa=X"
"google","company","ChdDSUhNMG9nS0VJQ0FnSUNob2QzcHNBRRAB","","","5","Yvonne Ambrosio","Local Guide·13 reviews·2 photos","https://www.google.com/maps/contrib/110915157253092098183/reviews?hl=en-US","3 years ago","","Just received a phone call from the person I sent the basket to. She said the colors, items & packaging was so up lifting .She also stated that every single item in the basket was were beyond useful.Thank you to Rock the Treatment for helping cancer patients receive such a beneficial gift!Re: purchase was for the Chemo/radiation combo basket.","false","","Rock the Treatment (Owner)","3 years ago","Yvonne, we are so happy to hear that the gift recipient loved receiving your gift and that she found it helpful! We do our best to design our cancer care packages to cover as many cancer side effects as we can. We greatly appreciate you taking the time to share your feedback. Blessings!","possible_women_package","https://www.google.com/search?sca_esv=5e6c1f1176e333b8&si=APenkKm7iecQ4G6P-TsbSMFKIQtv3EFIqRAFw-i8uEbk55Z-_6d3ozmn-eNjsRjteM_rr1YkA11hArt9ujLOgZz9KZWAjmGk7nveI1bbVuvdGZEJHbhtWVmIfCBVEKgB10VCY86lcIajZnyFVsfUU2AeU7H3y-L8Ng%3D%3D&q=Rock+the+Treatment+Reviews&sa=X"
"google","company","ChZDSUhNMG9nS0VJQ0FnSUNOazRDakJ3EAE","","","5","Stephanie Peters","Local Guide·43 reviews·4 photos","https://www.google.com/maps/contrib/106233692037577197925/reviews?hl=en-US","2 years ago","","I ordered this for a friend on a Sunday and got an email back that the box was being shipped that day. Obvisouly you are ordering something like this during a stressful situation and want to make sure that it is sent quickly - this was AMAZING talk about quick - same day response! The box arrived and my friend was thrilled with all the wonderful products tailored to radiation.","false","","Rock the Treatment (Owner)","2 years ago","Stephanie, We are so happy that your friend loved receiving your radiation care package. We hope it brought some smiles and comfort. Thank you for taking the time to share your experience. Blessings.","company_level","https://www.google.com/search?sca_esv=5e6c1f1176e333b8&si=APenkKm7iecQ4G6P-TsbSMFKIQtv3EFIqRAFw-i8uEbk55Z-_6d3ozmn-eNjsRjteM_rr1YkA11hArt9ujLOgZz9KZWAjmGk7nveI1bbVuvdGZEJHbhtWVmIfCBVEKgB10VCY86lcIajZnyFVsfUU2AeU7H3y-L8Ng%3D%3D&q=Rock+the+Treatment+Reviews&sa=X"
"google","company","ChZDSUhNMG9nS0VJQ0FnSURHMEpTUU9nEAE","","","5","Melissa","Local Guide·13 reviews·4 photos","https://www.google.com/maps/contrib/104531027976411809354/reviews?hl=en-US","4 years ago","","Our loved one so so pleased with the large Rock the Treatment men’s box! The lip balm and lozenges have been a godsend! The thoughtfulness aspect of the gift is also healing and comforting. The box shipped quickly and i had a thoughtful personal email from Stacy at the company telling us she was thinking about our loved one.","false","","Rock the Treatment (Owner)","4 years ago","Melissa, thank you so much for taking the time to share your thoughts. We deeply appreciate it. We are so happy to hear that your loved one found the lozenges and lip balm helpful! So glad your gift brought a bit of comfort during a very difficult time. Many blessings.","possible_women_package","https://www.google.com/search?sca_esv=5e6c1f1176e333b8&si=APenkKm7iecQ4G6P-TsbSMFKIQtv3EFIqRAFw-i8uEbk55Z-_6d3ozmn-eNjsRjteM_rr1YkA11hArt9ujLOgZz9KZWAjmGk7nveI1bbVuvdGZEJHbhtWVmIfCBVEKgB10VCY86lcIajZnyFVsfUU2AeU7H3y-L8Ng%3D%3D&q=Rock+the+Treatment+Reviews&sa=X"
"google","company","ChZDSUhNMG9nS0VJQ0FnSURVN3VLdVF3EAE","","","5","Jay","Local Guide·109 reviews·32 photos","https://www.google.com/maps/contrib/105636256192779556909/reviews?hl=en-US","6 years ago","","This basket is such a thoughtful gift! What especially is awesome, is that the owner, took the time to send me a personal, non generic email to wish my family member well. I really appreciate that. My family member received the basket in a timely manner, and could use every single product.","false","","Rock the Treatment (Owner)","6 years ago","Janice, thank you for taking the time to write such a nice review. We are so pleased that your family member found the basket helpful. Many blessings!","company_level","https://www.google.com/search?sca_esv=5e6c1f1176e333b8&si=APenkKm7iecQ4G6P-TsbSMFKIQtv3EFIqRAFw-i8uEbk55Z-_6d3ozmn-eNjsRjteM_rr1YkA11hArt9ujLOgZz9KZWAjmGk7nveI1bbVuvdGZEJHbhtWVmIfCBVEKgB10VCY86lcIajZnyFVsfUU2AeU7H3y-L8Ng%3D%3D&q=Rock+the+Treatment+Reviews&sa=X"
"google","company","ChdDSUhNMG9nS0VJQ0FnSURFenFmM3RBRRAB","","","5","Sue Ritchie","Local Guide·17 reviews","https://www.google.com/maps/contrib/105854351563905336688/reviews?hl=en-US","7 years ago","","If you have a loved one with cancer, send a gift from Rock the Treatment! We ordered a radiation basket for a work colleague and from the time I put the order in, to the personal thank you I received from one of the company's customer service representatives, to the super fast delivery of the basket, the entire process was seamless. In addition, our colleague was so thrilled with the contents and so appreciative of the gift, he was just blown away. Highly recommended!!","false","","Rock the Treatment (Owner)","7 years ago","Thank you so much Sue for the kind words and taking the time to leave a review. We are so glad to hear your colleague enjoyed the basket! Many blessings!!","company_product_unspecified","https://www.google.com/search?sca_esv=5e6c1f1176e333b8&si=APenkKm7iecQ4G6P-TsbSMFKIQtv3EFIqRAFw-i8uEbk55Z-_6d3ozmn-eNjsRjteM_rr1YkA11hArt9ujLOgZz9KZWAjmGk7nveI1bbVuvdGZEJHbhtWVmIfCBVEKgB10VCY86lcIajZnyFVsfUU2AeU7H3y-L8Ng%3D%3D&q=Rock+the+Treatment+Reviews&sa=X"
"google","company","ChdDSUhNMG9nS0VJQ0FnSUNpbEpicG9RRRAB","","","5","Kitz Lynn","2 reviews","https://www.google.com/maps/contrib/100345315610286284865/reviews?hl=en-US","5 years ago","","Someone very close to me recently began chemo and I didn't know what I could do to help him. This website offered all kinds of ideas and I found the perfect basket for him. They have such thoughtful basket items, I loved all the choices but settled on one. But what makes this company even more extraordinary is it's service. I screwed up the ship-to address and sent them an email and they were all over it. The people who work here are compassionate and truly interested in helping. I've bought chemo presents for other friends before but I'll be sticking with this site from now on. Thank you Rock The Treatment!","false","","Rock the Treatment (Owner)","5 years ago","Kitz, thank you so much for taking the time to share such lovely thoughts. We are so glad that you found the perfect gift for your friend/family member. We work hard to curate our gifts and provide a little bit of help for many different needs. A cancer diagnosis is just unimaginable, for the patient and the people that love them. We do our very best to make things as simple as possible for everyone. Thank you so much for recognizing these efforts. Many blessings.","company_product_unspecified","https://www.google.com/search?sca_esv=5e6c1f1176e333b8&si=APenkKm7iecQ4G6P-TsbSMFKIQtv3EFIqRAFw-i8uEbk55Z-_6d3ozmn-eNjsRjteM_rr1YkA11hArt9ujLOgZz9KZWAjmGk7nveI1bbVuvdGZEJHbhtWVmIfCBVEKgB10VCY86lcIajZnyFVsfUU2AeU7H3y-L8Ng%3D%3D&q=Rock+the+Treatment+Reviews&sa=X"
"google","company","ChZDSUhNMG9nS0VJQ0FnSURjOVBxY1JREAE","","","5","Anthony Stull","6 reviews","https://www.google.com/maps/contrib/116912761713731625475/reviews?hl=en-US","6 years ago","","I ordered a box for my best friend prior to her treatment for breast cancer. I received a message from FedEx that the package was delivered but it was not. I could not get an answer from FedEx so reached out to Rock the Treatment. Their team reached out to FedEx and followed up to let me know that it was being delivered. I really appreciate they were able to handle the situation and provided excellent follow through. My friend received the box and LOVED everything in it. I highly recommend their products for anyone you may no undergoing cancer therapy.","false","","Rock the Treatment (Owner)","6 years ago","Anthony, thank you for taking the time to provide such wonderful feedback. We were happy to what we had to do to help get your best friend her package. We are so happy that she loved it. Be safe and many blessings.","possible_women_package","https://www.google.com/search?sca_esv=5e6c1f1176e333b8&si=APenkKm7iecQ4G6P-TsbSMFKIQtv3EFIqRAFw-i8uEbk55Z-_6d3ozmn-eNjsRjteM_rr1YkA11hArt9ujLOgZz9KZWAjmGk7nveI1bbVuvdGZEJHbhtWVmIfCBVEKgB10VCY86lcIajZnyFVsfUU2AeU7H3y-L8Ng%3D%3D&q=Rock+the+Treatment+Reviews&sa=X"
"google","company","ChZDSUhNMG9nS0VJQ0FnSUNjdDk3MWNREAE","","","5","Gracie Zane","6 reviews","https://www.google.com/maps/contrib/103589960747669972552/reviews?hl=en-US","6 years ago","","I bought 2 chemo baskets for two wonderful women in my life that just started chemo. They both called me after receiving them and were overwhelmed with the gift. Every item is something that they needed in one way or the other. It was like opening a treasure box just for them. This company is wonderful and the order shipped quickly. Highly recommend sending this to a loved one to give the gift of sunshine to someone that needs it.","false","","Rock the Treatment (Owner)","6 years ago","Aw.. thank you Gracie! We are so glad these gifts helped. Thank you for taking the time to share your thoughts! Many blessings.","possible_women_package","https://www.google.com/search?sca_esv=5e6c1f1176e333b8&si=APenkKm7iecQ4G6P-TsbSMFKIQtv3EFIqRAFw-i8uEbk55Z-_6d3ozmn-eNjsRjteM_rr1YkA11hArt9ujLOgZz9KZWAjmGk7nveI1bbVuvdGZEJHbhtWVmIfCBVEKgB10VCY86lcIajZnyFVsfUU2AeU7H3y-L8Ng%3D%3D&q=Rock+the+Treatment+Reviews&sa=X"
"google","company","ChZDSUhNMG9nS0VJQ0FnSUN5b3BfdGRBEAE","","","5","Kimberly C","Local Guide·14 reviews·13 photos","https://www.google.com/maps/contrib/104748969368928759787/reviews?hl=en-US","5 years ago","","Their gift boxes are wonderful! I sent the chemo/radiation box to a family member and they were so happy to receive it. They loved everything in the gift box and couldn't stop thanking us enough. If you need a gift box full of useful and cool items for a loved one going through chemo, radiation or both, this is the place to get it.","false","","Rock the Treatment (Owner)","5 years ago","Kimberly, thank you so much for taking the time to share your lovely thoughts. We are so happy that your family member enjoyed receiving your gift. We hope they find some comfort and joy from the items. Many blessings.","company_product_unspecified","https://www.google.com/search?sca_esv=5e6c1f1176e333b8&si=APenkKm7iecQ4G6P-TsbSMFKIQtv3EFIqRAFw-i8uEbk55Z-_6d3ozmn-eNjsRjteM_rr1YkA11hArt9ujLOgZz9KZWAjmGk7nveI1bbVuvdGZEJHbhtWVmIfCBVEKgB10VCY86lcIajZnyFVsfUU2AeU7H3y-L8Ng%3D%3D&q=Rock+the+Treatment+Reviews&sa=X"
"google","company","ChdDSUhNMG9nS0VJQ0FnSURHM2Zydy13RRAB","","","5","Anthony DiFondi","Local Guide·62 reviews·79 photos","https://www.google.com/maps/contrib/102574810627940606633/reviews?hl=en-US","4 years ago","","My neighbor just received the bad news that no one wants to get, cancer. He has 2 surgeries coming up and lots of radiation after that. We all want to say thank you for providing such a wonderful gift basket. It is not only practical, but was also uplifting. He was genuinely moved by it and everything was received with love. Stacy Berk sent a personal email wishing our neighbor good luck and prayers for his battle. This is the kind of service that everyone wants. Thank you Stacy.","false","","Rock the Treatment (Owner)","4 years ago","Anthony, we are so happy that your gift brought some comfort to your friend. We long for a day where these baskets are no longer needed. But until then, we will be here to help people battling this awful disease and all of the friends and family that love them. Many blessings.","company_product_unspecified","https://www.google.com/search?sca_esv=5e6c1f1176e333b8&si=APenkKm7iecQ4G6P-TsbSMFKIQtv3EFIqRAFw-i8uEbk55Z-_6d3ozmn-eNjsRjteM_rr1YkA11hArt9ujLOgZz9KZWAjmGk7nveI1bbVuvdGZEJHbhtWVmIfCBVEKgB10VCY86lcIajZnyFVsfUU2AeU7H3y-L8Ng%3D%3D&q=Rock+the+Treatment+Reviews&sa=X"
"google","company","Ci9DQUlRQUNvZENodHljRjlvT2t4M2FUUmxVbkkwVlhCVlYwUjRMVWhJU0dWMVFVRRAB","","","5","James pollock","6 reviews·3 photos","https://www.google.com/maps/contrib/111448991610964037491/reviews?hl=en-US","5 months ago","","Bought this for my sister, well made, thoughtful gift box for someone dealing with cancer treatment","false","","Rock the Treatment (Owner)","5 months ago","❤️❤️ Thank you for taking the time to share your lovely feedback. Blessings 🙏🏻","possible_women_package","https://www.google.com/search?sca_esv=5e6c1f1176e333b8&si=APenkKm7iecQ4G6P-TsbSMFKIQtv3EFIqRAFw-i8uEbk55Z-_6d3ozmn-eNjsRjteM_rr1YkA11hArt9ujLOgZz9KZWAjmGk7nveI1bbVuvdGZEJHbhtWVmIfCBVEKgB10VCY86lcIajZnyFVsfUU2AeU7H3y-L8Ng%3D%3D&q=Rock+the+Treatment+Reviews&sa=X"
"google","company","ChdDSUhNMG9nS0VJQ0FnSUNUdGVqcXl3RRAB","","","5","Nancy Ratner","Local Guide·20 reviews","https://www.google.com/maps/contrib/101504772276854343542/reviews?hl=en-US","Edited a year ago","","A great gift for anyone dealing with chemo and radiation. This box had everything needed to make the treatments a little easier to handle while providing entertainment to occupy the time. Highly recommend any of their products. Great job! Thanks.","false","","Rock the Treatment (Owner)","2 years ago","Nancy…thank you so much for the kind words and for taking the time to share. We deeply appreciate. Blessings ❤️","company_product_unspecified","https://www.google.com/search?sca_esv=5e6c1f1176e333b8&si=APenkKm7iecQ4G6P-TsbSMFKIQtv3EFIqRAFw-i8uEbk55Z-_6d3ozmn-eNjsRjteM_rr1YkA11hArt9ujLOgZz9KZWAjmGk7nveI1bbVuvdGZEJHbhtWVmIfCBVEKgB10VCY86lcIajZnyFVsfUU2AeU7H3y-L8Ng%3D%3D&q=Rock+the+Treatment+Reviews&sa=X"
"google","company","ChdDSUhNMG9nS0VJQ0FnSUNoOU5HNDBnRRAB","","","5","Sue G.","Local Guide·116 reviews·24 photos","https://www.google.com/maps/contrib/106301611563031591921/reviews?hl=en-US","3 years ago","","These people not only deliver a package of positive and helpful items to cancer patients, they do it in the most caring way imaginable. Their compassion is tangible and their words to the sender are so comforting. The result is making both the cancer patient and the sender of the Rock the Treatment gift box feel better! I highly recommend anyone who knows someone undergoing radiation or chemo to send a Rock the Treatment gift box and give yourself and your loved one a care package that is sure to be a bright spot. You will be glad you did.","false","","Rock the Treatment (Owner)","3 years ago","Sue, Thank you!! We greatly appreciate you taking the time to share such kind words. We do our best to create cancer care packages that bring smiles and comfort. Wishing you and the recipient many blessings.","company_product_unspecified","https://www.google.com/search?sca_esv=5e6c1f1176e333b8&si=APenkKm7iecQ4G6P-TsbSMFKIQtv3EFIqRAFw-i8uEbk55Z-_6d3ozmn-eNjsRjteM_rr1YkA11hArt9ujLOgZz9KZWAjmGk7nveI1bbVuvdGZEJHbhtWVmIfCBVEKgB10VCY86lcIajZnyFVsfUU2AeU7H3y-L8Ng%3D%3D&q=Rock+the+Treatment+Reviews&sa=X"
"google","company","ChZDSUhNMG9nS0VJQ0FnSUNxOG9yRkZREAE","","","5","Antonia M","12 reviews","https://www.google.com/maps/contrib/104311006992879659684/reviews?hl=en-US","5 years ago","","I ordered a basket for my sister who is currently going through chemotherapy. She loved it. The basket was beautiful and thoughtful created with all the things cancer patients would need during their treatments. In addition, Rock The Treatment has the best customer service. I highly recommend this company. The ABSOLUTE BEST!!!","false","","Rock the Treatment (Owner)","5 years ago","Antonia, THANK YOU SO MUCH! we are so happy that your gift brought your sister some comfort and joy during a very difficult time. We do our best to make a difficult situation a bit easier for all. We greatly appreciate you taking the time to share your lovely thoughts. Many blessings.","possible_women_package","https://www.google.com/search?sca_esv=5e6c1f1176e333b8&si=APenkKm7iecQ4G6P-TsbSMFKIQtv3EFIqRAFw-i8uEbk55Z-_6d3ozmn-eNjsRjteM_rr1YkA11hArt9ujLOgZz9KZWAjmGk7nveI1bbVuvdGZEJHbhtWVmIfCBVEKgB10VCY86lcIajZnyFVsfUU2AeU7H3y-L8Ng%3D%3D&q=Rock+the+Treatment+Reviews&sa=X"
"google","company","ChZDSUhNMG9nS0VJQ0FnSUNwcG9XUGFnEAE","","","5","Christina Hunter","Local Guide·33 reviews·3 photos","https://www.google.com/maps/contrib/104830265561248937457/reviews?hl=en-US","2 years ago","","Unfortunately another family was in need of a ""pick me up"" care package after starting chemo for lung cancer. While these situations are never pleasant, I'm grateful for companies like ROCK THE TREATMENT who understand what patients want and need to help bring them some joy and comfort during a difficult time. Thank you for your fine gifts and prompt service.","false","","Rock the Treatment (Owner)","2 years ago","Christina, we are so sorry to hear that you had the need to send another basket like this. Thank you for the kind words and compliments. We pray for a day where we never have to send another gift like this!! Many blessings.","company_product_unspecified","https://www.google.com/search?sca_esv=5e6c1f1176e333b8&si=APenkKm7iecQ4G6P-TsbSMFKIQtv3EFIqRAFw-i8uEbk55Z-_6d3ozmn-eNjsRjteM_rr1YkA11hArt9ujLOgZz9KZWAjmGk7nveI1bbVuvdGZEJHbhtWVmIfCBVEKgB10VCY86lcIajZnyFVsfUU2AeU7H3y-L8Ng%3D%3D&q=Rock+the+Treatment+Reviews&sa=X"
"google","company","ChZDSUhNMG9nS0VJQ0FnSUNzdU9mN0pREAE","","","5","Lori Daniels","7 reviews·2 photos","https://www.google.com/maps/contrib/108948437339242977636/reviews?hl=en-US","Edited 6 years ago","","Amazing experience with ""Rock the Treatment."" My sister was so thrilled to receive this colorful box, and she was even able to pay it forward by sharing the included ""Queasy Pops"" with a young girl who was having an especially hard time during a chemo treatment. The girl's mother was tearfully grateful, and my sister was so uplifted by being able to help someone else in need. This box is an answered prayer for anyone you know enduring this fight, highly recommend. God bless the Rock the Treatment Team, thank you so much.","false","","Rock the Treatment (Owner)","6 years ago","Lori, thank you so much for the kind words. We do our best to add a little bit of sunshine during a difficult time. Thank you for noticing our efforts. Many blessings!!","possible_women_package","https://www.google.com/search?sca_esv=5e6c1f1176e333b8&si=APenkKm7iecQ4G6P-TsbSMFKIQtv3EFIqRAFw-i8uEbk55Z-_6d3ozmn-eNjsRjteM_rr1YkA11hArt9ujLOgZz9KZWAjmGk7nveI1bbVuvdGZEJHbhtWVmIfCBVEKgB10VCY86lcIajZnyFVsfUU2AeU7H3y-L8Ng%3D%3D&q=Rock+the+Treatment+Reviews&sa=X"
"google","company","ChZDSUhNMG9nS0VJQ0FnSURjLUtHakdBEAE","","","5","Karen Kraftchick","Local Guide·8 reviews·2 photos","https://www.google.com/maps/contrib/110615324221413247304/reviews?hl=en-US","6 years ago","","I was struggling to come up with a Mother's Day gift for my mom who is undergoing chemo. Plants and flowers are nice but I wanted something else right now. I came across Rock The Treatment and it looked interesting. I was worried that my mom would be insulted that I didn't get her flowers or bath soap or something but I shouldn't have been concerned. She opened the box and couldn't stop gushing about how wonderful and thoughtful everything was! Everything was perfect for someone going through chemo - she loved the jelly beans and crackers and puzzle books. I was thrilled at the ordering process - it was easy to order, I got confirmation emails (including a personalized one!) and the package was delivered fast - even while everyone is on ""COVID lockdown"". It has been a difficult road for my mom and me and Rock The Treatment was such a beautiful ray of sunshine in our lives. Thank you so much!","false","","Rock the Treatment (Owner)","6 years ago","Karen, we are so happy that your mom enjoyed receiving your gift. and that she loved all the items it the box! Thank you so much for taking the time to share your wonderful feedback. Many blessings to your mom and entire family!","possible_women_package","https://www.google.com/search?sca_esv=5e6c1f1176e333b8&si=APenkKm7iecQ4G6P-TsbSMFKIQtv3EFIqRAFw-i8uEbk55Z-_6d3ozmn-eNjsRjteM_rr1YkA11hArt9ujLOgZz9KZWAjmGk7nveI1bbVuvdGZEJHbhtWVmIfCBVEKgB10VCY86lcIajZnyFVsfUU2AeU7H3y-L8Ng%3D%3D&q=Rock+the+Treatment+Reviews&sa=X"
"google","company","ChdDSUhNMG9nS0VJQ0FnSUNjcjVLczJRRRAB","","","5","Regina R","2 reviews","https://www.google.com/maps/contrib/110088248673859933699/reviews?hl=en-US","Edited 6 years ago","","The gift was perfect. It included helpful, fun, and comforting items I would not have thought to purchase on my own. It arrived earlier than originally estimated and I really appreciated the follow up email after I placed my order. Would recommend this gift/company to anyone.","false","","Rock the Treatment (Owner)","6 years ago","Regina, so glad you were happy with your purchase and experience. We try our best. Be safe.","company_level","https://www.google.com/search?sca_esv=5e6c1f1176e333b8&si=APenkKm7iecQ4G6P-TsbSMFKIQtv3EFIqRAFw-i8uEbk55Z-_6d3ozmn-eNjsRjteM_rr1YkA11hArt9ujLOgZz9KZWAjmGk7nveI1bbVuvdGZEJHbhtWVmIfCBVEKgB10VCY86lcIajZnyFVsfUU2AeU7H3y-L8Ng%3D%3D&q=Rock+the+Treatment+Reviews&sa=X"
"google","company","ChdDSUhNMG9nS0VJQ0FnSURDblktVDdRRRAB","","","5","Espinel & Co.","Local Guide·36 reviews·7 photos","https://www.google.com/maps/contrib/100864572902328640230/reviews?hl=en-US","5 years ago","","This company is awesome!!! They put together a beautiful basket for my dear friend. She was so happy with all the goodies. The staff is kind, and responds so quickly to any question or issue you may have. They even upgraded my shipping (I chose the wrong one) FOR FREE!! Thank you","false","","Rock the Treatment (Owner)","5 years ago","Thank you so much for the kind review! We were happy to help! Many blessings and be safe!","company_level","https://www.google.com/search?sca_esv=5e6c1f1176e333b8&si=APenkKm7iecQ4G6P-TsbSMFKIQtv3EFIqRAFw-i8uEbk55Z-_6d3ozmn-eNjsRjteM_rr1YkA11hArt9ujLOgZz9KZWAjmGk7nveI1bbVuvdGZEJHbhtWVmIfCBVEKgB10VCY86lcIajZnyFVsfUU2AeU7H3y-L8Ng%3D%3D&q=Rock+the+Treatment+Reviews&sa=X"
"google","company","ChZDSUhNMG9nS0VJQ0FnSUNteFAtMVJBEAE","","","5","Candy David","Local Guide·99 reviews·32 photos","https://www.google.com/maps/contrib/115698141900174148482/reviews?hl=en-US","4 years ago","","My sister-in-law loved her basket. I ordered the small basket and at the time I had no idea they had different sizes. I emailed them to see if they could maybe put some socks in the basket because my mom went through treatments and her feet hurt when they got cold due to neuropathy. Stacy emailed me back and said they offered that in the bigger basket, but would put some in mine free of charge. What an awesome company with great customer service! Totally recommend!!","false","","Rock the Treatment (Owner)","4 years ago","Candy, it was our pleasure to help anyway we can. Sometimes it’s the little things that mean the most. We wish your sister-in-law and family many blessings. Thank you for sharing your lovely thoughts.","company_level","https://www.google.com/search?sca_esv=5e6c1f1176e333b8&si=APenkKm7iecQ4G6P-TsbSMFKIQtv3EFIqRAFw-i8uEbk55Z-_6d3ozmn-eNjsRjteM_rr1YkA11hArt9ujLOgZz9KZWAjmGk7nveI1bbVuvdGZEJHbhtWVmIfCBVEKgB10VCY86lcIajZnyFVsfUU2AeU7H3y-L8Ng%3D%3D&q=Rock+the+Treatment+Reviews&sa=X"
"google","company","ChdDSUhNMG9nS0VJQ0FnSURKaDlLeGlnRRAB","","","5","Deborah Sturgill","5 reviews","https://www.google.com/maps/contrib/112664087596222541255/reviews?hl=en-US","3 years ago","","I can't even begin to describe what a blessing this company is for those wanting to help friends and family going through chemo. I had the recent benefit of getting a $250 Thrivent grant for supplies for 2 of our church's members going through chemo. I did a quick search and found that Rock the Treatment had it all. I ordered a men's and a women's medium gift box, as well as 2 awesome stocking caps that read, ""Rock the Treatment"", and discovered I was about $16 over. I really wanted the stocking hats for my friends. This company went above and beyond to see that I could get these gifts. Both families were so appreciative, and I had a company pick gifts that were custom made for chemo patients. I am so impressed and grateful. If you know of anyone that is going through chemo, I highly recommend that you order from a company that cares, Rock the Treatment. Thank you. Deborah Bronnes Sturgill","false","","Rock the Treatment (Owner)","3 years ago","Deborah, Thank you so much for your kind words. It was a pleasure working with you and are happy to help anytime we can. We appreciate you taking the time to share your experience. Blessings and keep up all of your excellent work.","exact_size_explicit","https://www.google.com/search?sca_esv=5e6c1f1176e333b8&si=APenkKm7iecQ4G6P-TsbSMFKIQtv3EFIqRAFw-i8uEbk55Z-_6d3ozmn-eNjsRjteM_rr1YkA11hArt9ujLOgZz9KZWAjmGk7nveI1bbVuvdGZEJHbhtWVmIfCBVEKgB10VCY86lcIajZnyFVsfUU2AeU7H3y-L8Ng%3D%3D&q=Rock+the+Treatment+Reviews&sa=X"
"google","company","ChdDSUhNMG9nS0VJQ0FnSUR5a29lSnl3RRAB","","","5","Brenda Mortimer","Local Guide·21 reviews·1 photo","https://www.google.com/maps/contrib/109265013790437463324/reviews?hl=en-US","5 years ago","","My family friend has recently started a tough treatment schedule, so I thought this would be a great gift to start her off. It’s very hard to think of what to get someone going through this when we live so far apart. This beautiful gift basket made her so happy she was crying and was so blown away by all the thoughtful things in it she had not thought to get herself! Thank you! Definitely will be getting another one soon!","false","","Rock the Treatment (Owner)","5 years ago","Brenda, we are so touched. Thank you so much for your kind words. We are so happy that your friend loved your gift and that she found it helpful. We hope that you will not have a need to get any more baskets. But if you do, we will be happy to help. Many blessings.","possible_women_package","https://www.google.com/search?sca_esv=5e6c1f1176e333b8&si=APenkKm7iecQ4G6P-TsbSMFKIQtv3EFIqRAFw-i8uEbk55Z-_6d3ozmn-eNjsRjteM_rr1YkA11hArt9ujLOgZz9KZWAjmGk7nveI1bbVuvdGZEJHbhtWVmIfCBVEKgB10VCY86lcIajZnyFVsfUU2AeU7H3y-L8Ng%3D%3D&q=Rock+the+Treatment+Reviews&sa=X"
"google","company","ChZDSUhNMG9nS0VJQ0FnSUNHOVoyQWNREAE","","","5","E De-Armond","1 review","https://www.google.com/maps/contrib/112161734123133826905/reviews?hl=en-US","4 years ago","","Over the past three years I have purchased at least five baskets for family and friends. Each and every one of these baskets was greatly appreciated. Many commented on how perfect the contents were and how much the baskets helped them during their cancer treatments. I am so very grateful that I found ""Rock The Treatment"" as they have provided me with a positive way of helping those I love and care about.","false","","Rock the Treatment (Owner)","4 years ago","We are so sorry to hear that you had the need to send so many baskets like this. We deeply appreciate you thinking of us each time. We pray you don’t need to send any more for many years. But we will be here just in case you do. 🙏. Thank you for taking the time to share your thoughts. Many blessings.","company_level","https://www.google.com/search?sca_esv=5e6c1f1176e333b8&si=APenkKm7iecQ4G6P-TsbSMFKIQtv3EFIqRAFw-i8uEbk55Z-_6d3ozmn-eNjsRjteM_rr1YkA11hArt9ujLOgZz9KZWAjmGk7nveI1bbVuvdGZEJHbhtWVmIfCBVEKgB10VCY86lcIajZnyFVsfUU2AeU7H3y-L8Ng%3D%3D&q=Rock+the+Treatment+Reviews&sa=X"
"google","company","ChZDSUhNMG9nS0VJQ0FnSUNKMTZPRVhnEAE","","","5","Melissa DelSignore","7 reviews","https://www.google.com/maps/contrib/105390297426083297201/reviews?hl=en-US","3 years ago","","Wonderful company. Being a cancer survivor & having gone through treatment, the items in the basket are perfect. I also received a thank you email from the company, not something you get when you order something. I will definitely put Rock the Treatment on my preferred vendor list.","false","","Rock the Treatment (Owner)","3 years ago","Melissa, Thank you so much for the kind words. They truly mean a lot. We hope that you do not have the need to send another basket like this ever again. But if you do we will be here to help. Blessings.","company_product_unspecified","https://www.google.com/search?sca_esv=5e6c1f1176e333b8&si=APenkKm7iecQ4G6P-TsbSMFKIQtv3EFIqRAFw-i8uEbk55Z-_6d3ozmn-eNjsRjteM_rr1YkA11hArt9ujLOgZz9KZWAjmGk7nveI1bbVuvdGZEJHbhtWVmIfCBVEKgB10VCY86lcIajZnyFVsfUU2AeU7H3y-L8Ng%3D%3D&q=Rock+the+Treatment+Reviews&sa=X"
"google","company","ChRDSUhNMG9nS0VJQ0FnSURJbS1vNxAB","","","5","Karen Alm","6 reviews","https://www.google.com/maps/contrib/102176727442361972096/reviews?hl=en-US","7 years ago","","Wanted to send something to a friend who is going through both Chemo and radiation. During my search I found Rock The Treatment. It was like nothing I have seen. The gift contains so many useful things and the beautiful packaging made it that much more special. She hasn’t stopped thanking me for my thoughtfulness. I did have a few questions and reached out to customer service. They were awesome so nice and professional. Answered all my questions and concerns. I highly recommend Rock the Treatment!!!","false","","Rock the Treatment (Owner)","7 years ago","Thank you so much for the wonderful and kinds words. Much appreciated 😊","possible_women_package","https://www.google.com/search?sca_esv=5e6c1f1176e333b8&si=APenkKm7iecQ4G6P-TsbSMFKIQtv3EFIqRAFw-i8uEbk55Z-_6d3ozmn-eNjsRjteM_rr1YkA11hArt9ujLOgZz9KZWAjmGk7nveI1bbVuvdGZEJHbhtWVmIfCBVEKgB10VCY86lcIajZnyFVsfUU2AeU7H3y-L8Ng%3D%3D&q=Rock+the+Treatment+Reviews&sa=X"
"google","company","ChdDSUhNMG9nS0VJQ0FnSUNMcFktYXFRRRAB","","","5","JR","Local Guide·9 reviews","https://www.google.com/maps/contrib/114803555967519226504/reviews?hl=en-US","2 years ago","","The box was received approximately 5 days after making the order. My daughter has had her first infusion and mentioned that she felt everything in the medium box would be very helpful.","false","","Rock the Treatment (Owner)","2 years ago","We hope your gift brings your daughter much comfort. We greatly appreciate your taking the time to share your feedback. Wishing your daughter and family many blessings ❤️🙏","company_level","https://www.google.com/search?sca_esv=5e6c1f1176e333b8&si=APenkKm7iecQ4G6P-TsbSMFKIQtv3EFIqRAFw-i8uEbk55Z-_6d3ozmn-eNjsRjteM_rr1YkA11hArt9ujLOgZz9KZWAjmGk7nveI1bbVuvdGZEJHbhtWVmIfCBVEKgB10VCY86lcIajZnyFVsfUU2AeU7H3y-L8Ng%3D%3D&q=Rock+the+Treatment+Reviews&sa=X"
"google","company","ChZDSUhNMG9nS0VJQ0FnSUNvMnMyYkl3EAE","","","5","Ellen Wilcken","Local Guide·16 reviews","https://www.google.com/maps/contrib/106685224365076585019/reviews?hl=en-US","7 years ago","","My friend is currently on a chemo regime and not feeling very well. I thought a gift would be nice, but didn’t want to do the usual fruit or flowers. I found this sight and I was amazed at the gift baskets available and at the very resonable price. I have to say, the basket made her day! She even put the cocktail flavored jelly beans in her cosmo glass to have with her dinner. The creams are also very soothing and she is anxious to get another delivery. It looks like I’ll be doing more shopping! Thank you for making such a tough time a little easier.","false","","Rock the Treatment (Owner)","7 years ago","Thank you for taking the time to share your feedback. We are thrilled that your friend found our basket Useful we hope it helps her ROCK the TREATMENT!","possible_women_package","https://www.google.com/search?sca_esv=5e6c1f1176e333b8&si=APenkKm7iecQ4G6P-TsbSMFKIQtv3EFIqRAFw-i8uEbk55Z-_6d3ozmn-eNjsRjteM_rr1YkA11hArt9ujLOgZz9KZWAjmGk7nveI1bbVuvdGZEJHbhtWVmIfCBVEKgB10VCY86lcIajZnyFVsfUU2AeU7H3y-L8Ng%3D%3D&q=Rock+the+Treatment+Reviews&sa=X"
"google","company","ChZDSUhNMG9nS0VJQ0FnSUNTc09fWEtnEAE","","","5","Becky Dunlap","1 review","https://www.google.com/maps/contrib/100315051086958446588/reviews?hl=en-US","5 years ago","","Joy! The box was very appreciated. The recipient kept thanking me for my thoughtfulness. I'm so glad I found your website and was able to give him items he needs and can use for every aspect of what chemo takes from him. More chemo to go so we are very hopeful that the remaining chemo will do it's job and healing is on the way. Thank you for your ingenuity and care that is put in every box.","false","","Rock the Treatment (Owner)","5 years ago","Becky, thank you so much for taking the time to share your feedback. We are so happy that the recipient loved receiving your gift and found it helpful. Continued healing prayers and blessings.","company_product_unspecified","https://www.google.com/search?sca_esv=5e6c1f1176e333b8&si=APenkKm7iecQ4G6P-TsbSMFKIQtv3EFIqRAFw-i8uEbk55Z-_6d3ozmn-eNjsRjteM_rr1YkA11hArt9ujLOgZz9KZWAjmGk7nveI1bbVuvdGZEJHbhtWVmIfCBVEKgB10VCY86lcIajZnyFVsfUU2AeU7H3y-L8Ng%3D%3D&q=Rock+the+Treatment+Reviews&sa=X"
"google","company","Ci9DQUlRQUNvZENodHljRjlvT2prNVlXZFdTMkpmVm5SU2FuQnpObFYyV1MxNVQzYxAB","","","5","Lynn Graves","Local Guide·172 reviews","https://www.google.com/maps/contrib/112588202094891251913/reviews?hl=en-US","Edited 8 months ago","","I sent the Deluxe Celebration Gift Set for End Of Treatment. Great gift! Highly recommend Rock The Treatment for cancer patients.","false","","Rock the Treatment (Owner)","a year ago","Lynn, we are so glad to hear that your friend loved receiving you cancer care package. We hope it brought her some comfort and smiles. Thank you so much for sharing your lovely and touching feedback. Blessings 🙏❤️","company_product_unspecified","https://www.google.com/search?sca_esv=5e6c1f1176e333b8&si=APenkKm7iecQ4G6P-TsbSMFKIQtv3EFIqRAFw-i8uEbk55Z-_6d3ozmn-eNjsRjteM_rr1YkA11hArt9ujLOgZz9KZWAjmGk7nveI1bbVuvdGZEJHbhtWVmIfCBVEKgB10VCY86lcIajZnyFVsfUU2AeU7H3y-L8Ng%3D%3D&q=Rock+the+Treatment+Reviews&sa=X"
"google","company","ChdDSUhNMG9nS0VJQ0FnSUNVMHVmQzh3RRAB","","","5","Christine Delmas","7 reviews","https://www.google.com/maps/contrib/105937634199761847791/reviews?hl=en-US","7 years ago","","I have never reviewed anything before but I feel compelled to give this company more than 5 stars. I would give them 10 if that was possible. First of all, I ordered the basket on a Sunday night expecting it would take at least a week and by Monday afternoon it had already reached the local post office - amazingly fast!Unfortunately, in our circumstances we got the unexpected and unthinkable news that the person we were sending this to could no longer receive chemo and would be going to hospice immediately. As if that was not enough, the horrible thought that this basket would arrive as soon as they got this news was terrifying. I immediately called the company and although the basket was already shipped, the owner went above and beyond to call the postmaster and intercept the package so we would not be adding more heartache to an already heartbroken family. She took care to call me right away and when I told her to keep the money for her troubles she insisted on refunding our money. A true class act who truly cares about her customers. On a really sad day she proved that they're still nice people in the world. Can't thank her enough.","false","","Rock the Treatment (Owner)","7 years ago","Christine, we were happy to help anyway we could. Our thoughts and prayers are with your dear friend and his family. Thank you so much for taking the time to share your thoughts and kind words. Many blessings.","possible_women_package","https://www.google.com/search?sca_esv=5e6c1f1176e333b8&si=APenkKm7iecQ4G6P-TsbSMFKIQtv3EFIqRAFw-i8uEbk55Z-_6d3ozmn-eNjsRjteM_rr1YkA11hArt9ujLOgZz9KZWAjmGk7nveI1bbVuvdGZEJHbhtWVmIfCBVEKgB10VCY86lcIajZnyFVsfUU2AeU7H3y-L8Ng%3D%3D&q=Rock+the+Treatment+Reviews&sa=X"
"google","company","ChZDSUhNMG9nS0VJQ0FnSUNldklLU0pREAE","","","5","Iris D","Local Guide·49 reviews·201 photos","https://www.google.com/maps/contrib/113344119833527654511/reviews?hl=en-US","3 years ago","","My mom received this gift box today, and I am beyond words. Such a delicately crafted box with all the necessities for a patient going through chemotherapy. All of the items in the gift box are high quality, and it's truly such a kind and thoughtful box to comfort those in need.","false","","Rock the Treatment (Owner)","3 years ago","Iris...thank you so much for taking the time so share your thoughts on the gift that you purchased for your mom. We are so happy that she loved your gift and we hope she finds the items helpful and comforting. Many blessings!","possible_women_package","https://www.google.com/search?sca_esv=5e6c1f1176e333b8&si=APenkKm7iecQ4G6P-TsbSMFKIQtv3EFIqRAFw-i8uEbk55Z-_6d3ozmn-eNjsRjteM_rr1YkA11hArt9ujLOgZz9KZWAjmGk7nveI1bbVuvdGZEJHbhtWVmIfCBVEKgB10VCY86lcIajZnyFVsfUU2AeU7H3y-L8Ng%3D%3D&q=Rock+the+Treatment+Reviews&sa=X"
"google","company","ChdDSUhNMG9nS0VJQ0FnSUQtX3FqeS1RRRAB","","","5","Deanna Doyle","6 reviews","https://www.google.com/maps/contrib/107556895176949398627/reviews?hl=en-US","3 years ago","","What do you do when someone dear to you announces they are battling cancer and they are a thousand miles from you? Support them the best you can. Rock The Treatment has an amazing array of items that can potentially ease some of the discomfort a person going through treatment experiences. My friend was over the moon with the presentation and items in the gift box. It arrived very quickly so she had it the day before she started treatment. Thank you!","false","","Rock the Treatment (Owner)","3 years ago","Deanna, Thank you!! We are so happy to hear that your friend loved receiving your gift. We hope it brings her some comfort and smiles during such a difficult time. We greatly appreciate you taking the time to share your feedback. Blessings.","possible_women_package","https://www.google.com/search?sca_esv=5e6c1f1176e333b8&si=APenkKm7iecQ4G6P-TsbSMFKIQtv3EFIqRAFw-i8uEbk55Z-_6d3ozmn-eNjsRjteM_rr1YkA11hArt9ujLOgZz9KZWAjmGk7nveI1bbVuvdGZEJHbhtWVmIfCBVEKgB10VCY86lcIajZnyFVsfUU2AeU7H3y-L8Ng%3D%3D&q=Rock+the+Treatment+Reviews&sa=X"
"google","company","ChdDSUhNMG9nS0VJQ0FnSUNocE5hOW9BRRAB","","","5","Martha P","Local Guide·25 reviews·1 photo","https://www.google.com/maps/contrib/102921680976410723719/reviews?hl=en-US","3 years ago","","I want to say how amazing and caring this company is! Sadly, my cousin was diagnosed with lung cancer and will be starting her chemo soon. She was so touched by this gift which seems to include everything a patient might need! Thank you! And a big gigantic hug to all of you for your follow up email . It was so kind and means everything! You Rock!","false","","Rock the Treatment (Owner)","3 years ago","Martha, we are so sad to hear your cousin is having a tough time. But are so happy your gift brought her some smiles and hopefully some comfort. We deeply appreciate your kind words. Thank you so much for taking the time to share them. Blessings.","possible_women_package","https://www.google.com/search?sca_esv=5e6c1f1176e333b8&si=APenkKm7iecQ4G6P-TsbSMFKIQtv3EFIqRAFw-i8uEbk55Z-_6d3ozmn-eNjsRjteM_rr1YkA11hArt9ujLOgZz9KZWAjmGk7nveI1bbVuvdGZEJHbhtWVmIfCBVEKgB10VCY86lcIajZnyFVsfUU2AeU7H3y-L8Ng%3D%3D&q=Rock+the+Treatment+Reviews&sa=X"
"google","company","ChZDSUhNMG9nS0VJQ0FnSUN4bHZiVFJ3EAE","","","5","Robina Burke","2 reviews·1 photo","https://www.google.com/maps/contrib/111552831260799477691/reviews?hl=en-US","3 years ago","","I sent the basket to a dear friend who was just diagnosed with uterine cancer. She was over joyed with the products that were contained in a very colorful box. She said everything has a purpose not just a box of nothing! She said everything has it’s time where it will come in handy for her and although I’m so sad for the struggle I know she will “Rock The Treatment”Thank for sending the message and being here, where someone can go for such things!Robin","false","","Rock the Treatment (Owner)","3 years ago","Robin, we are so happy to hear that your friend loved receiving your gift and that she found it helpful. We pray for a day where no more gifts like this have a need to be sent. We appreciate you taking the time to share. Wishing your friend many blessings.","possible_women_package","https://www.google.com/search?sca_esv=5e6c1f1176e333b8&si=APenkKm7iecQ4G6P-TsbSMFKIQtv3EFIqRAFw-i8uEbk55Z-_6d3ozmn-eNjsRjteM_rr1YkA11hArt9ujLOgZz9KZWAjmGk7nveI1bbVuvdGZEJHbhtWVmIfCBVEKgB10VCY86lcIajZnyFVsfUU2AeU7H3y-L8Ng%3D%3D&q=Rock+the+Treatment+Reviews&sa=X"
"google","company","ChZDSUhNMG9nS0VJQ0FnSUR5bnNuV1VBEAE","","","5","Jessica T","Local Guide·18 reviews·10 photos","https://www.google.com/maps/contrib/116598953489774095543/reviews?hl=en-US","5 years ago","","I highly recommend this as a gift for a loved one going through treatment! Each item in the box is so thoughtfully selected and comes with a description of why it was included. I think that really helps navigate the experience and prepares them for things that they probably would not have thought of! In additional to the practicality, I am so grateful for the opportunity to show them my love and support as they Rock The Treatment!","false","","Rock the Treatment (Owner)","5 years ago","Jessica, thank you so much for taking the time to share your feedback. We do our best to focus on the details that will make a difference to the basket recipient and the people that love and support them. We appreciate you noticing. Many blessings.","company_product_unspecified","https://www.google.com/search?sca_esv=5e6c1f1176e333b8&si=APenkKm7iecQ4G6P-TsbSMFKIQtv3EFIqRAFw-i8uEbk55Z-_6d3ozmn-eNjsRjteM_rr1YkA11hArt9ujLOgZz9KZWAjmGk7nveI1bbVuvdGZEJHbhtWVmIfCBVEKgB10VCY86lcIajZnyFVsfUU2AeU7H3y-L8Ng%3D%3D&q=Rock+the+Treatment+Reviews&sa=X"
"google","company","ChZDSUhNMG9nS0VJQ0FnSUNXdTUzVGNnEAE","","","5","Laura West","6 reviews","https://www.google.com/maps/contrib/107550572458409929669/reviews?hl=en-US","4 years ago","","This was a gift for a friend. She told me she loved every item, including the awesome box it came in. I was pleasantly surprised that it shipped so quickly. Thanks for offering the combo chemo and radiation package. I highly recommend this item.","false","","Rock the Treatment (Owner)","4 years ago","Laura, we are so happy to hear that your friend loved your gift. We greatly appreciate your kind words and you taking the time to provide feedback. Many blessings.","possible_women_package","https://www.google.com/search?sca_esv=5e6c1f1176e333b8&si=APenkKm7iecQ4G6P-TsbSMFKIQtv3EFIqRAFw-i8uEbk55Z-_6d3ozmn-eNjsRjteM_rr1YkA11hArt9ujLOgZz9KZWAjmGk7nveI1bbVuvdGZEJHbhtWVmIfCBVEKgB10VCY86lcIajZnyFVsfUU2AeU7H3y-L8Ng%3D%3D&q=Rock+the+Treatment+Reviews&sa=X"
"google","company","ChZDSUhNMG9nS0VJQ0FnSUMzN3RqVVJnEAE","","","2","T dL","5 reviews","https://www.google.com/maps/contrib/100174887288271026733/reviews?hl=en-US","a year ago","","I will never know if they are good or not. You can only provide billing addresses in USA or Canada, and the billing address is checked against credit card address. As I live outside America, this means I cannot send a package to my family using this service. Ah well. Next!","false","","Rock the Treatment (Owner)","a year ago","We are sorry you had an issue placing an order from outside the USA. Please contact us and we are happy to assist you with placing an order for your friend or family member. 🙏","company_level","https://www.google.com/search?sca_esv=5e6c1f1176e333b8&si=APenkKm7iecQ4G6P-TsbSMFKIQtv3EFIqRAFw-i8uEbk55Z-_6d3ozmn-eNjsRjteM_rr1YkA11hArt9ujLOgZz9KZWAjmGk7nveI1bbVuvdGZEJHbhtWVmIfCBVEKgB10VCY86lcIajZnyFVsfUU2AeU7H3y-L8Ng%3D%3D&q=Rock+the+Treatment+Reviews&sa=X"
"google","company","ChZDSUhNMG9nS0VJQ0FnSURNZ0pfSVJREAE","","","5","Allison Cain","Local Guide·16 reviews","https://www.google.com/maps/contrib/103161151814019992803/reviews?hl=en-US","6 years ago","","What an incredible gift to be able to send to a family member going through cancer treatment. It’s challenging to know what to send and Rock The Treatment has thought of it all. What a gift to those fighting cancer as well as those supporting the fighters. When I forgot to include the note for the card and contacted them, I received a personal e-mail from them which felt more like a friend and all was handled quickly. What an incredible company. Thank you!","false","","Rock the Treatment (Owner)","6 years ago","Thank you so much Allison. We do our very best to service our customers and help their friends and family. Many blessings!","company_product_unspecified","https://www.google.com/search?sca_esv=5e6c1f1176e333b8&si=APenkKm7iecQ4G6P-TsbSMFKIQtv3EFIqRAFw-i8uEbk55Z-_6d3ozmn-eNjsRjteM_rr1YkA11hArt9ujLOgZz9KZWAjmGk7nveI1bbVuvdGZEJHbhtWVmIfCBVEKgB10VCY86lcIajZnyFVsfUU2AeU7H3y-L8Ng%3D%3D&q=Rock+the+Treatment+Reviews&sa=X"
"google","company","ChdDSUhNMG9nS0VJQ0FnSUNLLXRPUjdnRRAB","","","5","Joseilyn Washington","4 reviews·3 photos","https://www.google.com/maps/contrib/108016471997135083679/reviews?hl=en-US","5 years ago","","OMGOODNESS!!! The site was safe & secure for purchase.....I actually had to call because of an error on my part & I got no answer, I left message & I got an immediate call back. I don't remember her name but she was very nice, sweet!!! I even emailed & she sent me a very personable message. The company is very legit & professional!!! My friend's husband LOVED THE BASKET & especially loved the QUEASY POPS!!! Definitely worth the purchase & UNFORTUNATELY, I will purchase again because of other loved ones who are diagnosed😥💔","false","","Rock the Treatment (Owner)","5 years ago","Joseilyn, thank you so much for the praise!! Customer service is extremely important to us, and we do everything we can to make difficult times as easier. We appreciate you noticing and taking the time to share. We are so sorry to hear that you may need to purchase another basket like this soon. But will be here and happy to help anyway we can. Many blessings.","company_level","https://www.google.com/search?sca_esv=5e6c1f1176e333b8&si=APenkKm7iecQ4G6P-TsbSMFKIQtv3EFIqRAFw-i8uEbk55Z-_6d3ozmn-eNjsRjteM_rr1YkA11hArt9ujLOgZz9KZWAjmGk7nveI1bbVuvdGZEJHbhtWVmIfCBVEKgB10VCY86lcIajZnyFVsfUU2AeU7H3y-L8Ng%3D%3D&q=Rock+the+Treatment+Reviews&sa=X"
"google","company","ChdDSUhNMG9nS0VJQ0FnSUNMbktyZDV3RRAB","","","5","Anthony Ingham","Local Guide·19 reviews·2 photos","https://www.google.com/maps/contrib/116617640950012575439/reviews?hl=en-US","2 years ago","","Wonderful and caring would be two words to describe Rock The Treatment. They have wonderful products that help cancer patients and provide some relief during the harsh treatments we go through. And they do it all with compassion. Highly recommended them.","false","","Rock the Treatment (Owner)","2 years ago","Anthony, Thank you so much for the kind words. We are so touched that you found our chemo care packages to be helpful and comforting during a difficult time. We greatly appreciate you taking the time to share your thoughts and pray you do not have a need to send another basket like this for a very long time. Blessings.","company_level","https://www.google.com/search?sca_esv=5e6c1f1176e333b8&si=APenkKm7iecQ4G6P-TsbSMFKIQtv3EFIqRAFw-i8uEbk55Z-_6d3ozmn-eNjsRjteM_rr1YkA11hArt9ujLOgZz9KZWAjmGk7nveI1bbVuvdGZEJHbhtWVmIfCBVEKgB10VCY86lcIajZnyFVsfUU2AeU7H3y-L8Ng%3D%3D&q=Rock+the+Treatment+Reviews&sa=X"
"google","company","ChdDSUhNMG9nS0VJQ0FnSURNaElueXBRRRAB","","","5","NATALIE ULBERT","1 review","https://www.google.com/maps/contrib/110314130827824691669/reviews?hl=en-US","6 years ago","","I ordered this for my Aunt and she loved it. She said that the queasy pops were a life saver for her. I ordered online and had it shipped to her house and it arrived in a timely manner. I had a friend recommend this site to me and I would highly recommend to anyone else who knows someone going through Chemo.Thank you!","false","","Rock the Treatment (Owner)","6 years ago","Natalie, we appreciate you taking the time to share your thoughts and are so glad that your Aunt found the items (especially the Queasy pops) helpful!! Many blessings to you Aunt and entire family. 🙏💙","company_level","https://www.google.com/search?sca_esv=5e6c1f1176e333b8&si=APenkKm7iecQ4G6P-TsbSMFKIQtv3EFIqRAFw-i8uEbk55Z-_6d3ozmn-eNjsRjteM_rr1YkA11hArt9ujLOgZz9KZWAjmGk7nveI1bbVuvdGZEJHbhtWVmIfCBVEKgB10VCY86lcIajZnyFVsfUU2AeU7H3y-L8Ng%3D%3D&q=Rock+the+Treatment+Reviews&sa=X"
"google","company","ChdDSUhNMG9nS0VJQ0FnSUNtOV9tQ2dnRRAB","","","5","Jessica Gilbert","5 reviews","https://www.google.com/maps/contrib/102660037245796630086/reviews?hl=en-US","4 years ago","","This company is absolutely amazing! Not only the products in the box but the customer service! Highly recommend this! As soon as I placed the order they were in contact with me, my brothers chemo started earlier than expected and they went out of their way to get his box to the right place asap. The products are SO well thought out, And each product serves a purpose. Great company!!!!","false","","Rock the Treatment (Owner)","4 years ago","Jessica, We were happy to help and hope you gift brought your brother some smiles and comfort. Thank you for the kind words and for taking the time to share your very kind feedback. Many blessings to your brother and family.","company_product_unspecified","https://www.google.com/search?sca_esv=5e6c1f1176e333b8&si=APenkKm7iecQ4G6P-TsbSMFKIQtv3EFIqRAFw-i8uEbk55Z-_6d3ozmn-eNjsRjteM_rr1YkA11hArt9ujLOgZz9KZWAjmGk7nveI1bbVuvdGZEJHbhtWVmIfCBVEKgB10VCY86lcIajZnyFVsfUU2AeU7H3y-L8Ng%3D%3D&q=Rock+the+Treatment+Reviews&sa=X"
"google","company","ChdDSUhNMG9nS0VJQ0FnSUMtdUlha2lnRRAB","","","5","Betty Bullock","3 reviews","https://www.google.com/maps/contrib/116283026947193072312/reviews?hl=en-US","3 years ago","","I sent 2 baskets to a man & a women. Both were overwhelmed and thankful for the gifts. Each said they had everything in there they could possibly need. I highly recommend this gift to anyone you made have in need of comfort and support","false","","Rock the Treatment (Owner)","3 years ago","Betty, we are so sorry that you have to send two baskets like this but we are so happy to hear that both recipients found your gifts useful and helpful. Thank you so much for taking the time to share your feedback. Blessings.","company_level","https://www.google.com/search?sca_esv=5e6c1f1176e333b8&si=APenkKm7iecQ4G6P-TsbSMFKIQtv3EFIqRAFw-i8uEbk55Z-_6d3ozmn-eNjsRjteM_rr1YkA11hArt9ujLOgZz9KZWAjmGk7nveI1bbVuvdGZEJHbhtWVmIfCBVEKgB10VCY86lcIajZnyFVsfUU2AeU7H3y-L8Ng%3D%3D&q=Rock+the+Treatment+Reviews&sa=X"
"google","company","ChdDSUhNMG9nS0VJQ0FnSURqeGVqRWhnRRAB","","","5","Carla Fisk","1 review","https://www.google.com/maps/contrib/109637861545233500103/reviews?hl=en-US","2 years ago","","Mom loved the basket! It came with so much stuff ! I also contacted them regarding delivery. Their support team was quick to respond and very kind and helpful!","false","","Rock the Treatment (Owner)","2 years ago","Carla, we are so happy to hear that your mom loved your gift. We hope it brings her a lot of comfort and some smile during g a challenging time. We appreciate you taking the time to share your thoughts. Many blessings 🙏❤️.","company_level","https://www.google.com/search?sca_esv=5e6c1f1176e333b8&si=APenkKm7iecQ4G6P-TsbSMFKIQtv3EFIqRAFw-i8uEbk55Z-_6d3ozmn-eNjsRjteM_rr1YkA11hArt9ujLOgZz9KZWAjmGk7nveI1bbVuvdGZEJHbhtWVmIfCBVEKgB10VCY86lcIajZnyFVsfUU2AeU7H3y-L8Ng%3D%3D&q=Rock+the+Treatment+Reviews&sa=X"
"google","company","ChZDSUhNMG9nS0VJQ0FnSURDbmRfTkNnEAE","","","5","Lindsay C","Local Guide·19 reviews·6 photos","https://www.google.com/maps/contrib/100962626139485999074/reviews?hl=en-US","5 years ago","","Second time, unfortunately, that I had to purchase this box. However, the box and the company are both so fantastic. I had a question about an address and they emailed me back within 5 minutes. They also delivered the box within 2 days! The recipients were so overwhelmed with the items in the box, and if I had to purchase it again I would. I really hope I don't for obvious reasons but it is such a good idea for someone who really needs a pick me up.","false","","Rock the Treatment (Owner)","5 years ago","Lindsay, we are so thrilled that the recipient loved your gift. Thank you so much for taking the time to share your thought. We deeply appreciate it. We hope you never have to send another basket like this. But if you do, we will be here.","company_level","https://www.google.com/search?sca_esv=5e6c1f1176e333b8&si=APenkKm7iecQ4G6P-TsbSMFKIQtv3EFIqRAFw-i8uEbk55Z-_6d3ozmn-eNjsRjteM_rr1YkA11hArt9ujLOgZz9KZWAjmGk7nveI1bbVuvdGZEJHbhtWVmIfCBVEKgB10VCY86lcIajZnyFVsfUU2AeU7H3y-L8Ng%3D%3D&q=Rock+the+Treatment+Reviews&sa=X"
"google","company","ChZDSUhNMG9nS0VJQ0FnSURLek9LQUhBEAE","","","5","John George","5 reviews","https://www.google.com/maps/contrib/115157329926648924191/reviews?hl=en-US","5 years ago","","My sister said she loved the basket. There were several items in there that she needed and didn't have. Very well put together. Would recommend for anyone who is going through a long-term chemotherapy. My sister was in the hospital for a month and the items in the basket definitely helped.","false","","Rock the Treatment (Owner)","5 years ago","John, we are so glad that your gift provided your sister some items that will help her feel more comfortable and ROCK the TREATMENT. We deeply appreciate you taking the time to share your feedback. Wishing your sister and entire family many blessings.","possible_women_package","https://www.google.com/search?sca_esv=5e6c1f1176e333b8&si=APenkKm7iecQ4G6P-TsbSMFKIQtv3EFIqRAFw-i8uEbk55Z-_6d3ozmn-eNjsRjteM_rr1YkA11hArt9ujLOgZz9KZWAjmGk7nveI1bbVuvdGZEJHbhtWVmIfCBVEKgB10VCY86lcIajZnyFVsfUU2AeU7H3y-L8Ng%3D%3D&q=Rock+the+Treatment+Reviews&sa=X"
"google","company","ChZDSUhNMG9nS0VJQ0FnSURNbTkteFh3EAE","","","5","Kathrine Cays","8 reviews","https://www.google.com/maps/contrib/100721262657852294069/reviews?hl=en-US","6 years ago","","It can be so hard to be far away in distance from loved ones when they are faced with diagnosis and treatments, but giving this gift from Rock The Treatment was great because it was just what my loved one needed and she loved everything in the box. And, the packaging was exquisite!","false","","Rock the Treatment (Owner)","6 years ago","Katherine, thank you so much for taking the time to write such a thoughtful review. We are so happy to hear that the package was well received. Many blessings to you all! 🙏🏻💙","possible_women_package","https://www.google.com/search?sca_esv=5e6c1f1176e333b8&si=APenkKm7iecQ4G6P-TsbSMFKIQtv3EFIqRAFw-i8uEbk55Z-_6d3ozmn-eNjsRjteM_rr1YkA11hArt9ujLOgZz9KZWAjmGk7nveI1bbVuvdGZEJHbhtWVmIfCBVEKgB10VCY86lcIajZnyFVsfUU2AeU7H3y-L8Ng%3D%3D&q=Rock+the+Treatment+Reviews&sa=X"
"google","company","ChZDSUhNMG9nS0VJQ0FnSURLMElDWkZBEAE","","","5","carol berne","1 review","https://www.google.com/maps/contrib/111834911015341870644/reviews?hl=en-US","5 years ago","","I would highly recommend RocktheTreatment. Not only was the basket exactly what was needed but Stacy, the owner, went above and beyond and even added another item following our conversation. She provides a very personal and comforting approach and really cares about the person receiving the basket. I looked at many websites before selecting RocktheTreatment for the gift and I am very glad that I selected them.","false","","Rock the Treatment (Owner)","5 years ago","Carol, thank you so much for the kind words and for taking the time to share your thoughts. We do our very best to make a very difficult situation as easy as possible for both the sender and recipient. We appreciate you recognizing our efforts. Many blessings.","company_level","https://www.google.com/search?sca_esv=5e6c1f1176e333b8&si=APenkKm7iecQ4G6P-TsbSMFKIQtv3EFIqRAFw-i8uEbk55Z-_6d3ozmn-eNjsRjteM_rr1YkA11hArt9ujLOgZz9KZWAjmGk7nveI1bbVuvdGZEJHbhtWVmIfCBVEKgB10VCY86lcIajZnyFVsfUU2AeU7H3y-L8Ng%3D%3D&q=Rock+the+Treatment+Reviews&sa=X"
"google","company","ChdDSUhNMG9nS0VJQ0FnSUREOE5La3J3RRAB","","","5","Betsy Gerthoffer","4 reviews","https://www.google.com/maps/contrib/102714761983902846026/reviews?hl=en-US","2 years ago","","I’ve purchased three of these boxes so far. I always go back to them when I need one. I just purchased this one for a friend. She loved it. Box shipped quickly. Customer care is top notch.","false","","Rock the Treatment (Owner)","2 years ago","Thank you SO MUCH Betsy for the kind words. We pray for a day where no one ever has a reason to send another basket like this. We appreciate you thinking of us until that is a reality. Blessings.","company_level","https://www.google.com/search?sca_esv=5e6c1f1176e333b8&si=APenkKm7iecQ4G6P-TsbSMFKIQtv3EFIqRAFw-i8uEbk55Z-_6d3ozmn-eNjsRjteM_rr1YkA11hArt9ujLOgZz9KZWAjmGk7nveI1bbVuvdGZEJHbhtWVmIfCBVEKgB10VCY86lcIajZnyFVsfUU2AeU7H3y-L8Ng%3D%3D&q=Rock+the+Treatment+Reviews&sa=X"
"google","company","ChdDSUhNMG9nS0VJQ0FnSUNjLS1LRDRBRRAB","","","5","Paula Kouneski","5 reviews","https://www.google.com/maps/contrib/110002499702748586869/reviews?hl=en-US","6 years ago","","We purchased a radiation and chemo basket for my aunt. It brought her to tears. It was absolutely perfect and had everything she needed. Thank you so much for the beautiful baskets and making it easy to show a loved one how much we care.","false","","Rock the Treatment (Owner)","6 years ago","Paula, we are so happy that the radiation basket helped your Aunt. Thank you for such lovely feedback. Stay safe.","possible_women_package","https://www.google.com/search?sca_esv=5e6c1f1176e333b8&si=APenkKm7iecQ4G6P-TsbSMFKIQtv3EFIqRAFw-i8uEbk55Z-_6d3ozmn-eNjsRjteM_rr1YkA11hArt9ujLOgZz9KZWAjmGk7nveI1bbVuvdGZEJHbhtWVmIfCBVEKgB10VCY86lcIajZnyFVsfUU2AeU7H3y-L8Ng%3D%3D&q=Rock+the+Treatment+Reviews&sa=X"
"google","company","ChZDSUhNMG9nS0VJQ0FnSURtcGQybUZnEAE","","","5","robrerta swank","3 reviews","https://www.google.com/maps/contrib/107853387268346202434/reviews?hl=en-US","4 years ago","","My young friend was diagnosed with NonHodgkins lymphoma and is undergoing chemotherapy. He was so grateful for this care package. He loves the beenie! They shipped very quickly. I will keep watching their site for more items to send to let him know I care.","false","","Rock the Treatment (Owner)","4 years ago","Roberta, Cancer is always an awful diagnosis. But in young people it is especially heartbreaking. We are happy to hear that he loves the beenie and that your gift brought him a bit of joy (and hiopefully comfort). We appreciate you taking the time to share your feedback. Many blessings to you all.","company_product_unspecified","https://www.google.com/search?sca_esv=5e6c1f1176e333b8&si=APenkKm7iecQ4G6P-TsbSMFKIQtv3EFIqRAFw-i8uEbk55Z-_6d3ozmn-eNjsRjteM_rr1YkA11hArt9ujLOgZz9KZWAjmGk7nveI1bbVuvdGZEJHbhtWVmIfCBVEKgB10VCY86lcIajZnyFVsfUU2AeU7H3y-L8Ng%3D%3D&q=Rock+the+Treatment+Reviews&sa=X"
"google","company","ChdDSUhNMG9nS0VJQ0FnSUN5c2FfV3BRRRAB","","","5","Cheryl Perez","11 reviews·3 photos","https://www.google.com/maps/contrib/113476839693504246730/reviews?hl=en-US","5 years ago","","I ordered the bigger gift basket for my dear friend facing Stage 4 cancer. She was so happy and appreciated the items needed for starting chemo. This is such a difficult time and this basket is so very thoughtful.","false","","Rock the Treatment (Owner)","5 years ago","Cheryl, we are so sorry to hear about your friends diagnosis. We are so glad to hear that your gift brightened her day a little. Thank you for your lovely feedback. Many blessings.","possible_women_package","https://www.google.com/search?sca_esv=5e6c1f1176e333b8&si=APenkKm7iecQ4G6P-TsbSMFKIQtv3EFIqRAFw-i8uEbk55Z-_6d3ozmn-eNjsRjteM_rr1YkA11hArt9ujLOgZz9KZWAjmGk7nveI1bbVuvdGZEJHbhtWVmIfCBVEKgB10VCY86lcIajZnyFVsfUU2AeU7H3y-L8Ng%3D%3D&q=Rock+the+Treatment+Reviews&sa=X"
"google","company","ChdDSUhNMG9nS0VJQ0FnSUN1bThIRGhRRRAB","","","5","Kimberly Houghtaling","5 reviews","https://www.google.com/maps/contrib/109390908794604502091/reviews?hl=en-US","3 years ago","","What a great company! Personal email sending best wishes and the recipient felt all of the love with all items in the large basket. She is ready to crush it with her treatment. Thank you for your service.","false","","Rock the Treatment (Owner)","3 years ago","Thank you Kimberly!! We appreciate you taking the time to share your feedback. We hope your gift brought her some smiles and comfort. Many blessings.","possible_women_package","https://www.google.com/search?sca_esv=5e6c1f1176e333b8&si=APenkKm7iecQ4G6P-TsbSMFKIQtv3EFIqRAFw-i8uEbk55Z-_6d3ozmn-eNjsRjteM_rr1YkA11hArt9ujLOgZz9KZWAjmGk7nveI1bbVuvdGZEJHbhtWVmIfCBVEKgB10VCY86lcIajZnyFVsfUU2AeU7H3y-L8Ng%3D%3D&q=Rock+the+Treatment+Reviews&sa=X"
"google","company","ChdDSUhNMG9nS0VJQ0FnSURSdktfWWtBRRAB","","","5","April Rasmussen","10 reviews","https://www.google.com/maps/contrib/100796794228863640126/reviews?hl=en-US","3 years ago","","The basket was the perfect gift for our coworker starting chemo. Everyone in the office pitched in together & the basket arrived in perfect time!! The patient said that ""They thought of EVERYTHING!!!"" She was so surprised & grateful 🙏","false","","Rock the Treatment (Owner)","3 years ago","April, we are so happy to hear that the gift arrive at the perfect time and that it brought your coworker some smiles. We hope he will bring some comfort as well. Blessings!! 🙏🏻","possible_women_package","https://www.google.com/search?sca_esv=5e6c1f1176e333b8&si=APenkKm7iecQ4G6P-TsbSMFKIQtv3EFIqRAFw-i8uEbk55Z-_6d3ozmn-eNjsRjteM_rr1YkA11hArt9ujLOgZz9KZWAjmGk7nveI1bbVuvdGZEJHbhtWVmIfCBVEKgB10VCY86lcIajZnyFVsfUU2AeU7H3y-L8Ng%3D%3D&q=Rock+the+Treatment+Reviews&sa=X"
"google","company","ChZDSUhNMG9nS0VJQ0FnSUNxMnNTaU9REAE","","","5","Wendy Stanton","4 reviews·4 photos","https://www.google.com/maps/contrib/107135955410534793762/reviews?hl=en-US","5 years ago","","This was the perfect gift for my cousin getting ready to go through Chemo. Rock the treatment sent a personal email & the basket even arrived early. She was thrilled with the gift and encouraged before going into her treatment.","false","","Rock the Treatment (Owner)","5 years ago","Wendy, We are so happy that your gift brightened your cousins day and gave her the motivation to ROCK the TREATMENT!! Thank you for taking the time to share your thoughts. Blessings!!!","possible_women_package","https://www.google.com/search?sca_esv=5e6c1f1176e333b8&si=APenkKm7iecQ4G6P-TsbSMFKIQtv3EFIqRAFw-i8uEbk55Z-_6d3ozmn-eNjsRjteM_rr1YkA11hArt9ujLOgZz9KZWAjmGk7nveI1bbVuvdGZEJHbhtWVmIfCBVEKgB10VCY86lcIajZnyFVsfUU2AeU7H3y-L8Ng%3D%3D&q=Rock+the+Treatment+Reviews&sa=X"
"google","company","ChZDSUhNMG9nS0VJQ0FnSUNtdnZxdlBBEAE","","","5","Tosha Pearson-Royston","Local Guide·107 reviews·46 photos","https://www.google.com/maps/contrib/104109623260643408690/reviews?hl=en-US","4 years ago","","My bff loved this basket!! She instantly put on the hat, ate jellybeans, and tried the lozenges. She said the lotions are great too! Thank you for helping me pick an intentional gift. 🖤🖤🖤🖤","false","","Rock the Treatment (Owner)","4 years ago","Tosha, we are so glad to hear that your BFF loved your gift and that she dug right in and starting using the items immediately! Hopefully they brought a smile to her face and will bring her some comfort as well! Many blessings.","company_level","https://www.google.com/search?sca_esv=5e6c1f1176e333b8&si=APenkKm7iecQ4G6P-TsbSMFKIQtv3EFIqRAFw-i8uEbk55Z-_6d3ozmn-eNjsRjteM_rr1YkA11hArt9ujLOgZz9KZWAjmGk7nveI1bbVuvdGZEJHbhtWVmIfCBVEKgB10VCY86lcIajZnyFVsfUU2AeU7H3y-L8Ng%3D%3D&q=Rock+the+Treatment+Reviews&sa=X"
"google","company","ChdDSUhNMG9nS0VJQ0FnSUMxbmJDeTFBRRAB","","","5","Joe McFalls","Local Guide·19 reviews·3 photos","https://www.google.com/maps/contrib/116942138891922904782/reviews?hl=en-US","2 years ago","","I bought the chemo package for a male friend who was very pleased to get it and particularly glad to get the hat. These gifts are great to receive and great to give. Thanks for doing this good work!","false","","Rock the Treatment (Owner)","2 years ago","Joe, we are so happy to hear that your gift brought some smiles during a difficult time. We appreciate you taking the time to share. Blessings.","company_product_unspecified","https://www.google.com/search?sca_esv=5e6c1f1176e333b8&si=APenkKm7iecQ4G6P-TsbSMFKIQtv3EFIqRAFw-i8uEbk55Z-_6d3ozmn-eNjsRjteM_rr1YkA11hArt9ujLOgZz9KZWAjmGk7nveI1bbVuvdGZEJHbhtWVmIfCBVEKgB10VCY86lcIajZnyFVsfUU2AeU7H3y-L8Ng%3D%3D&q=Rock+the+Treatment+Reviews&sa=X"
"google","company","ChZDSUhNMG9nS0VJQ0FnSUNadU1DY0h3EAE","","","5","Jen","13 reviews·1 photo","https://www.google.com/maps/contrib/109839028219478876691/reviews?hl=en-US","2 years ago","","The variety of gifts on this sight is wonderful. We were able to send a very focused gift to our friend with breast cancer. Prompt service, excellent company. Our friend loved it.","false","","Rock the Treatment (Owner)","2 years ago","We deeply appreciate your kind words. Blessings","company_product_unspecified","https://www.google.com/search?sca_esv=5e6c1f1176e333b8&si=APenkKm7iecQ4G6P-TsbSMFKIQtv3EFIqRAFw-i8uEbk55Z-_6d3ozmn-eNjsRjteM_rr1YkA11hArt9ujLOgZz9KZWAjmGk7nveI1bbVuvdGZEJHbhtWVmIfCBVEKgB10VCY86lcIajZnyFVsfUU2AeU7H3y-L8Ng%3D%3D&q=Rock+the+Treatment+Reviews&sa=X"
"google","company","ChdDSUhNMG9nS0VJQ0FnSURVcVl6TXp3RRAB","","","5","SPK","Local Guide·18 reviews·10 photos","https://www.google.com/maps/contrib/111751458719680595222/reviews?hl=en-US","6 years ago","","I found out about Rock The Treatment by googling “cancer basket for kids”. Not only was I amazed that it was delivered two days later, but the owner of the company Stacy actually called me to see how old the child was, and if they had any siblings. She included a gift for the sibling as well as some stickers for the other children on the pediatric oncology floor.He absolutely loved the queasy pop so much that the parents bought them on Amazon immediately. I can’t thank Rock The Treatment enough !!","false","","Rock the Treatment (Owner)","6 years ago","Shelby, thank you so much for taking the time to share your thoughts. We are so happy to hear that Eric enjoyed the basket and that the Queasy pops were helpful!! Many prayers to Eric and his family!","possible_women_package","https://www.google.com/search?sca_esv=5e6c1f1176e333b8&si=APenkKm7iecQ4G6P-TsbSMFKIQtv3EFIqRAFw-i8uEbk55Z-_6d3ozmn-eNjsRjteM_rr1YkA11hArt9ujLOgZz9KZWAjmGk7nveI1bbVuvdGZEJHbhtWVmIfCBVEKgB10VCY86lcIajZnyFVsfUU2AeU7H3y-L8Ng%3D%3D&q=Rock+the+Treatment+Reviews&sa=X"
"google","company","ChdDSUhNMG9nS0VJQ0FnSUQtdzctTGxRRRAB","","","5","Mignonne Frantzen","8 reviews·2 photos","https://www.google.com/maps/contrib/111490401325445334491/reviews?hl=en-US","3 years ago","","This company is outstanding! Rock the Treatment was referred to me by a chemo patient when I asked what I could do for a friend who was starting chemo. The website was so easy to navigate and the customer service was top notch! In a world filled with less than desirable customer service, this company exceeds all expectations so definitely order from them!","false","","Rock the Treatment (Owner)","3 years ago","Mignonne, many thanks for your extremely kind email. Caring about someone is hard enough. Whatever we can do to make it easier we are happy to help! We hope your gift brings some comfort and smiles during difficult times. Blessings.","company_level","https://www.google.com/search?sca_esv=5e6c1f1176e333b8&si=APenkKm7iecQ4G6P-TsbSMFKIQtv3EFIqRAFw-i8uEbk55Z-_6d3ozmn-eNjsRjteM_rr1YkA11hArt9ujLOgZz9KZWAjmGk7nveI1bbVuvdGZEJHbhtWVmIfCBVEKgB10VCY86lcIajZnyFVsfUU2AeU7H3y-L8Ng%3D%3D&q=Rock+the+Treatment+Reviews&sa=X"
"google","company","ChZDSUhNMG9nS0VJQ0FnSUNPMHBhMlFREAE","","","5","Barbara Lee","8 reviews","https://www.google.com/maps/contrib/106549137909800893337/reviews?hl=en-US","4 years ago","","The friend who I sent a Chemo Box to absolutely loved it. The box was full of helpful and fun items. She was thrilled. Thank you for working so hard to create this meaningful gift.","false","","Rock the Treatment (Owner)","4 years ago","Barbara, thank you so much for the kind words. We are so happy that your friend loved your gift. We hope it brought her a bit of joy and a bunch of comfort. Blessings.","possible_women_package","https://www.google.com/search?sca_esv=5e6c1f1176e333b8&si=APenkKm7iecQ4G6P-TsbSMFKIQtv3EFIqRAFw-i8uEbk55Z-_6d3ozmn-eNjsRjteM_rr1YkA11hArt9ujLOgZz9KZWAjmGk7nveI1bbVuvdGZEJHbhtWVmIfCBVEKgB10VCY86lcIajZnyFVsfUU2AeU7H3y-L8Ng%3D%3D&q=Rock+the+Treatment+Reviews&sa=X"
"google","company","ChdDSUhNMG9nS0VJQ0FnSUR5OHJqRW1BRRAB","","","5","RJP","Local Guide·10 reviews","https://www.google.com/maps/contrib/100349723892921319910/reviews?hl=en-US","5 years ago","","Oh my goodness! Words cannot express how grateful I am to have found this company and this particular basket! My sister-in-law, who has Neuromyelitis Optica Spectrum Disorder (NMOSD) and has to undergo chemotherapy treatments regularly, was obsessed over THE BOX it all came in (rainbow stripes)! She absolutely loved it!!! She kept saying ""No way!"" :-) Then, when she opened it all and saw how many wonderful, usable items were in there (she has MANY allergies and cannot use or eat most things), she was absolutely floored! Because of the ingredient lists being very simple and/or organic, she was able to use almost ALL of the items. The few others she simply shared with her neighbors who help her. It was a win-win! She was obsessed with the neck pillow and said it smelled AMAZING! That is really saying something, because she is one who cannot have flowers or scented things around her because of her allergies. Whatever was in that pillow definitely agreed with her system. She brought many of the items to the hospital with her for use during and immediately after her treatment (neck pillow, queasy drops, peppermint tea, etc.). She doesn't usually drink tea because of ""other"" ingredients, but said this tea is a no brainer, because it is pure peppermint, which was wonderful! She is also not usually into adult coloring books, but said this one is so cute that she is keeping it, saying the pictures are adorable and made her smile. She said that there were so many things in there that she would be able to use them for future treatment days also! WHAT A GREAT VALUE THIS BOX IS!!! Thank you, Rock The Treatment, for the wonderful things you are doing for people going through chemotherapy! I hope I never have to purchase another box like this, but if I do, I will definitely come back to your website first! God bless you all and all of your customers. <3","false","","Rock the Treatment (Owner)","5 years ago","Rebecca, thank you so much for your beautiful review. We really appreciate you taking the time. We are so thrilled to hear that your sister-in-law enjoyed receiving your gift and it sounds like you brought her much happiness, joy and comfort. We work very hard curating the products that we use. So heartwarming to know that we did it right. Many blessings to you all.","possible_women_package","https://www.google.com/search?sca_esv=5e6c1f1176e333b8&si=APenkKm7iecQ4G6P-TsbSMFKIQtv3EFIqRAFw-i8uEbk55Z-_6d3ozmn-eNjsRjteM_rr1YkA11hArt9ujLOgZz9KZWAjmGk7nveI1bbVuvdGZEJHbhtWVmIfCBVEKgB10VCY86lcIajZnyFVsfUU2AeU7H3y-L8Ng%3D%3D&q=Rock+the+Treatment+Reviews&sa=X"
"google","company","ChdDSUhNMG9nS0VJQ0FnSUR5MHBDSnRRRRAB","","","5","Kimberly Wilson","9 reviews","https://www.google.com/maps/contrib/103067363848289023448/reviews?hl=en-US","5 years ago","","We ordered a chemo basket for our friend & he loved receiving a basket, full of good quality products to help him get through chemo treatments. Thank you & we’ll definitely order from your company again!","false","","Rock the Treatment (Owner)","5 years ago","Kimberly, we are so happy that your gift was well received. We hope it brought a bit of joy and comfort to your friend during a difficult time. Thank you so much for taking the time to share your thoughts. Be safe and many blessings.","company_product_unspecified","https://www.google.com/search?sca_esv=5e6c1f1176e333b8&si=APenkKm7iecQ4G6P-TsbSMFKIQtv3EFIqRAFw-i8uEbk55Z-_6d3ozmn-eNjsRjteM_rr1YkA11hArt9ujLOgZz9KZWAjmGk7nveI1bbVuvdGZEJHbhtWVmIfCBVEKgB10VCY86lcIajZnyFVsfUU2AeU7H3y-L8Ng%3D%3D&q=Rock+the+Treatment+Reviews&sa=X"
"google","company","ChdDSUhNMG9nS0VJQ0FnSUNINnFmcGh3RRAB","","","5","B F","14 reviews","https://www.google.com/maps/contrib/114432153318411375232/reviews?hl=en-US","a year ago","","No person should ever have to shop for a Cancer gift. If you must, then this is the place. My gift was warmly recieved by my friend. Had everything he needs. The delivery was on time and correct!#cancersucks#RockTheTreatment!","false","","Rock the Treatment (Owner)","a year ago","Thank you so much. We appreciate you taking the time to share your lovely feedback. We pray for a day where there is never a need to send a cancer care package to anyone. But until then we are happy to help cancer patients and the people that love them. Blessings.","company_product_unspecified","https://www.google.com/search?sca_esv=5e6c1f1176e333b8&si=APenkKm7iecQ4G6P-TsbSMFKIQtv3EFIqRAFw-i8uEbk55Z-_6d3ozmn-eNjsRjteM_rr1YkA11hArt9ujLOgZz9KZWAjmGk7nveI1bbVuvdGZEJHbhtWVmIfCBVEKgB10VCY86lcIajZnyFVsfUU2AeU7H3y-L8Ng%3D%3D&q=Rock+the+Treatment+Reviews&sa=X"
"google","company","ChdDSUhNMG9nS0VJQ0FnSUNDeDdMTmhBRRAB","","","5","Melanee Davis","9 reviews·1 photo","https://www.google.com/maps/contrib/108912877377811559280/reviews?hl=en-US","5 years ago","","My sister-in-love Loved the box! She received the box in a couple of days after I had placed the order - just in time before she started her first treatment of chemo. You definitely ROCK!!","false","","Rock the Treatment (Owner)","5 years ago","Melanee, thank you for taking the time to provide such lovely feedback. We are so happy that your sister-in-law received her gift in time for her first treatment. We hope she finds it helpful. Many blessings.","possible_women_package","https://www.google.com/search?sca_esv=5e6c1f1176e333b8&si=APenkKm7iecQ4G6P-TsbSMFKIQtv3EFIqRAFw-i8uEbk55Z-_6d3ozmn-eNjsRjteM_rr1YkA11hArt9ujLOgZz9KZWAjmGk7nveI1bbVuvdGZEJHbhtWVmIfCBVEKgB10VCY86lcIajZnyFVsfUU2AeU7H3y-L8Ng%3D%3D&q=Rock+the+Treatment+Reviews&sa=X"
"google","company","ChZDSUhNMG9nS0VJQ0FnSUNzbE95Q2ZREAE","","","5","Deb Smith","Local Guide·161 reviews","https://www.google.com/maps/contrib/113440568855534578715/reviews?hl=en-US","6 years ago","","This purchase was a gift for a friend in treatment for invastive stage 2 breast cancer. As a recovering breast cancer patient myself from 2019, i received a similar gift box. The cooling wrap, lotion, and other products were so helpful in making my treatments more bearable.","false","","Rock the Treatment (Owner)","6 years ago","Deborah, thank you for taking the time to provide such lovely feedback. We are so happy that you found the basket helpful. And thought highly enough of it to send it to a friend. Many blessings to all of you your families.","company_product_unspecified","https://www.google.com/search?sca_esv=5e6c1f1176e333b8&si=APenkKm7iecQ4G6P-TsbSMFKIQtv3EFIqRAFw-i8uEbk55Z-_6d3ozmn-eNjsRjteM_rr1YkA11hArt9ujLOgZz9KZWAjmGk7nveI1bbVuvdGZEJHbhtWVmIfCBVEKgB10VCY86lcIajZnyFVsfUU2AeU7H3y-L8Ng%3D%3D&q=Rock+the+Treatment+Reviews&sa=X"
"google","company","ChZDSUhNMG9nS0VJQ0FnSUMwNzhPeU53EAE","","","5","Marcy Gillmore","8 reviews","https://www.google.com/maps/contrib/115293981726650423514/reviews?hl=en-US","6 years ago","","I have only GOOD things to say about rock the treatment!!! Stacy answered emails almost immediately! We had a little trouble with the post office delivery and Stacy has gone out of her way to help me. She treats her customers like friends and is also very professional! It is rare to find people who genuinely care about someone they don’t know but Stacy does!","false","","Rock the Treatment (Owner)","6 years ago","Marcy, thank you so much for the kind words. We are doing our very best. We appreciate all of your patience and understanding!!","company_level","https://www.google.com/search?sca_esv=5e6c1f1176e333b8&si=APenkKm7iecQ4G6P-TsbSMFKIQtv3EFIqRAFw-i8uEbk55Z-_6d3ozmn-eNjsRjteM_rr1YkA11hArt9ujLOgZz9KZWAjmGk7nveI1bbVuvdGZEJHbhtWVmIfCBVEKgB10VCY86lcIajZnyFVsfUU2AeU7H3y-L8Ng%3D%3D&q=Rock+the+Treatment+Reviews&sa=X"
"google","company","ChdDSUhNMG9nS0VJQ0FnSUNjNS1mcHBRRRAB","","","5","Laura Primm","2 reviews","https://www.google.com/maps/contrib/102789389796704615523/reviews?hl=en-US","6 years ago","","With my family is on one coast & us on the other ..this company was an answer to a prayer! The box contained many items that the doctor suggested for our loved one. I highly recommend you support this business while you can support your family member or friend dealing with cancer. You order “Rock the Treatment” ... you won’t be disappointed!","false","","Rock the Treatment (Owner)","6 years ago","Thank you Laura!! So glad to have been able to help. Stay safe.","company_product_unspecified","https://www.google.com/search?sca_esv=5e6c1f1176e333b8&si=APenkKm7iecQ4G6P-TsbSMFKIQtv3EFIqRAFw-i8uEbk55Z-_6d3ozmn-eNjsRjteM_rr1YkA11hArt9ujLOgZz9KZWAjmGk7nveI1bbVuvdGZEJHbhtWVmIfCBVEKgB10VCY86lcIajZnyFVsfUU2AeU7H3y-L8Ng%3D%3D&q=Rock+the+Treatment+Reviews&sa=X"
"google","company","ChdDSUhNMG9nS0VJQ0FnSUNxeHU3QXN3RRAB","","","5","Carmen Farrior","11 reviews","https://www.google.com/maps/contrib/112108945984158383840/reviews?hl=en-US","5 years ago","","My book club purchased this gift for a friend who is undergoing breast cancer treatment and soon will be embarking on radiation treatment. We actually voted on our options and RockTheTreatment won unanimously. She was so touched and loved it!","false","","Rock the Treatment (Owner)","5 years ago","Carmen, we are so thrilled to hear that your book club buddy loved your gift! Thank you all for choosing us and for taking the time to share. Many blessings!","possible_women_package","https://www.google.com/search?sca_esv=5e6c1f1176e333b8&si=APenkKm7iecQ4G6P-TsbSMFKIQtv3EFIqRAFw-i8uEbk55Z-_6d3ozmn-eNjsRjteM_rr1YkA11hArt9ujLOgZz9KZWAjmGk7nveI1bbVuvdGZEJHbhtWVmIfCBVEKgB10VCY86lcIajZnyFVsfUU2AeU7H3y-L8Ng%3D%3D&q=Rock+the+Treatment+Reviews&sa=X"
"google","company","ChdDSUhNMG9nS0VJQ0FnSUNSeUtUVjRBRRAB","","","5","Jeff Granger (Ranger Granger)","Local Guide·387 reviews·122 photos","https://www.google.com/maps/contrib/114785347731299918656/reviews?hl=en-US","3 years ago","","We got the radiation kit. Included are many items for lotions and cooling balms. There are some snacks and games to work on during treatment. This is a wonderful kit. So thoughtful and it's gonna make the treatment a little easier.","false","","Rock the Treatment (Owner)","3 years ago","Jeff, thank you so much for your kind words. We are so happy to hear that the radiation kit was well received. We hope it brings alot of comfort and helps make treatment better. We appreciate you taking the time to share. Blessings.","company_product_unspecified","https://www.google.com/search?sca_esv=5e6c1f1176e333b8&si=APenkKm7iecQ4G6P-TsbSMFKIQtv3EFIqRAFw-i8uEbk55Z-_6d3ozmn-eNjsRjteM_rr1YkA11hArt9ujLOgZz9KZWAjmGk7nveI1bbVuvdGZEJHbhtWVmIfCBVEKgB10VCY86lcIajZnyFVsfUU2AeU7H3y-L8Ng%3D%3D&q=Rock+the+Treatment+Reviews&sa=X"
"google","company","ChdDSUhNMG9nS0VJQ0FnSURjb09iUnVBRRAB","","","5","Kimberly Hicks","Local Guide·14 reviews","https://www.google.com/maps/contrib/114688079419222634748/reviews?hl=en-US","6 years ago","","Amazing service!!!My step-dad is starting chemo soon. I live in another state and cannot go back to help due to travel restrictions and concern with spreading the COVID-19 virus. It’s really hard to get supplies right now but I wanted to do something special. Rock The Treatment had everything he needed.I’m so impressed with how quickly they got the box out to him, especially during times of COVID-19. I ordered late on a Thursday and he got it the following Monday. I had made a note if they have XL socks to please include but didn’t have a lot of hope as they are always hard to get. But they did it!!!My stepdad said getting the box was like Christmas and was very excited to see that it included socks that actually fit his big feet.He’s not looking forward to starting treatment (no surprise) but this box brought a little light. He said it was like Christmas.Thank you Rock the Treatment for making my stepdad feel special and for allowing me to do something to help from a distance.","false","","Rock the Treatment (Owner)","6 years ago","Kimberly, we are thrilled that you were able to brighten your step father’s day. Thank you very much for taking the time to share such lovely feedback. Many blessings.","company_product_unspecified","https://www.google.com/search?sca_esv=5e6c1f1176e333b8&si=APenkKm7iecQ4G6P-TsbSMFKIQtv3EFIqRAFw-i8uEbk55Z-_6d3ozmn-eNjsRjteM_rr1YkA11hArt9ujLOgZz9KZWAjmGk7nveI1bbVuvdGZEJHbhtWVmIfCBVEKgB10VCY86lcIajZnyFVsfUU2AeU7H3y-L8Ng%3D%3D&q=Rock+the+Treatment+Reviews&sa=X"
"google","company","ChZDSUhNMG9nS0VJQ0FnTUNZLVlXTEdnEAE","","","5","Samantha Caba","5 reviews","https://www.google.com/maps/contrib/109655197585498431238/reviews?hl=en-US","a year ago","","Helpful variety of practical products for my family member. The box was nicely packaged and shipped out quickly!","false","","Rock the Treatment (Owner)","a year ago","Samantha, we are glad to hear that you thought your gift was well packaged and helpful! We hope it brought your family member lots of comfort (and smiles). Thank you for taking the time to share your feedback. Blessings ❤️🙏","company_level","https://www.google.com/search?sca_esv=5e6c1f1176e333b8&si=APenkKm7iecQ4G6P-TsbSMFKIQtv3EFIqRAFw-i8uEbk55Z-_6d3ozmn-eNjsRjteM_rr1YkA11hArt9ujLOgZz9KZWAjmGk7nveI1bbVuvdGZEJHbhtWVmIfCBVEKgB10VCY86lcIajZnyFVsfUU2AeU7H3y-L8Ng%3D%3D&q=Rock+the+Treatment+Reviews&sa=X"
"google","company","ChZDSUhNMG9nS0VJQ0FnSUN5cVlfN2ZREAE","","","5","Bonnie Bahney","2 reviews","https://www.google.com/maps/contrib/107172228409981120471/reviews?hl=en-US","Edited 5 years ago","","The item i order was so well received, my brother in law was so appreciative. This is a great gift. I recommend the gift baskets highly, the mask are cool too.","false","","Rock the Treatment (Owner)","5 years ago","❤️💙","company_level","https://www.google.com/search?sca_esv=5e6c1f1176e333b8&si=APenkKm7iecQ4G6P-TsbSMFKIQtv3EFIqRAFw-i8uEbk55Z-_6d3ozmn-eNjsRjteM_rr1YkA11hArt9ujLOgZz9KZWAjmGk7nveI1bbVuvdGZEJHbhtWVmIfCBVEKgB10VCY86lcIajZnyFVsfUU2AeU7H3y-L8Ng%3D%3D&q=Rock+the+Treatment+Reviews&sa=X"
"google","company","ChdDSUhNMG9nS0VJQ0FnTURBMXZxem53RRAB","","","5","lisa Garrison","4 reviews","https://www.google.com/maps/contrib/116351469166751117137/reviews?hl=en-US","a year ago","","My daughter loved the gift box. Though I haven’t seen it, she was very impressed. Thank you","false","","Rock the Treatment (Owner)","a year ago","Lisa, we are so happy to hear that your daughter loved receiving her cancer care package. We hope it brought her some smiles and comfort. Much appreciation for taking the time to share your feedback. Blessings 🙏❤️","company_level","https://www.google.com/search?sca_esv=5e6c1f1176e333b8&si=APenkKm7iecQ4G6P-TsbSMFKIQtv3EFIqRAFw-i8uEbk55Z-_6d3ozmn-eNjsRjteM_rr1YkA11hArt9ujLOgZz9KZWAjmGk7nveI1bbVuvdGZEJHbhtWVmIfCBVEKgB10VCY86lcIajZnyFVsfUU2AeU7H3y-L8Ng%3D%3D&q=Rock+the+Treatment+Reviews&sa=X"
"google","company","ChdDSUhNMG9nS0VJQ0FnSURRcElfeWhRRRAB","","","5","Barbara Sue","1 review","https://www.google.com/maps/contrib/101820891579476861383/reviews?hl=en-US","8 years ago","","I sent this basket to a friend and she LOVED it! She was touched by the thoughtfulness of the items and it saved her husband a trip to the store. Also, Stacy Berkowitz was extra helpful in getting it there when I needed! A+++","false","","Rock the Treatment (Owner)","8 years ago","Thank you so much for the kind words. You ROCK!!","company_level","https://www.google.com/search?sca_esv=5e6c1f1176e333b8&si=APenkKm7iecQ4G6P-TsbSMFKIQtv3EFIqRAFw-i8uEbk55Z-_6d3ozmn-eNjsRjteM_rr1YkA11hArt9ujLOgZz9KZWAjmGk7nveI1bbVuvdGZEJHbhtWVmIfCBVEKgB10VCY86lcIajZnyFVsfUU2AeU7H3y-L8Ng%3D%3D&q=Rock+the+Treatment+Reviews&sa=X"
"google","company","ChZDSUhNMG9nS0VJQ0FnSUQ5dXFyMVBBEAE","","","5","christopher santini","Local Guide·24 reviews·2 photos","https://www.google.com/maps/contrib/112592190178202820712/reviews?hl=en-US","2 years ago","","This is not just a small business, Stacy and team actually care. Each time (sadly) I have had to send a RockTheTreatment basket in the last few years, they always reach out, thank me and offer hope to the recipient. That means a lot and all I can say is Thank You!","false","","Rock the Treatment (Owner)","2 years ago","❤️❤️ thank you Chris. We pray for a day where we never have the need to send another basket like this. Blessings 🙏","company_level","https://www.google.com/search?sca_esv=5e6c1f1176e333b8&si=APenkKm7iecQ4G6P-TsbSMFKIQtv3EFIqRAFw-i8uEbk55Z-_6d3ozmn-eNjsRjteM_rr1YkA11hArt9ujLOgZz9KZWAjmGk7nveI1bbVuvdGZEJHbhtWVmIfCBVEKgB10VCY86lcIajZnyFVsfUU2AeU7H3y-L8Ng%3D%3D&q=Rock+the+Treatment+Reviews&sa=X"
"google","company","ChdDSUhNMG9nS0VJQ0FnSUQ2ejZYanZBRRAB","","","5","Jose Rios","Local Guide·44 reviews·2 photos","https://www.google.com/maps/contrib/107269991246712501816/reviews?hl=en-US","4 years ago","","This gift was for family. They loved it. Mom said the box is beautiful and as she was going thru it she was astonished with the variety of items . She said everything that is necessary for supportive care during chemo is in the box. Thankyou for this product.","false","","Rock the Treatment (Owner)","4 years ago","Jose, we are so happy that your gift brought your mom some comfort and smiles. We appreciate you taking the time to share your lovely thoughts. Many blessings 🙏🏻","possible_women_package","https://www.google.com/search?sca_esv=5e6c1f1176e333b8&si=APenkKm7iecQ4G6P-TsbSMFKIQtv3EFIqRAFw-i8uEbk55Z-_6d3ozmn-eNjsRjteM_rr1YkA11hArt9ujLOgZz9KZWAjmGk7nveI1bbVuvdGZEJHbhtWVmIfCBVEKgB10VCY86lcIajZnyFVsfUU2AeU7H3y-L8Ng%3D%3D&q=Rock+the+Treatment+Reviews&sa=X"
"google","company","ChZDSUhNMG9nS0VJQ0FnSURtbzcteUNnEAE","","","5","victoria adey","11 reviews","https://www.google.com/maps/contrib/104212832932542132027/reviews?hl=en-US","4 years ago","","We were absolutely delighted with the product as well as customer service. Our friend who received the gift was thrilled and commented many times on how delightful it was. It arrived promptly and we are delighted with the company.","false","","Rock the Treatment (Owner)","4 years ago","Victoria, we are so happy to hear that your friend loved your gift and that it brought them a bit of joy during a difficult time? Thank you so much for taking the time to share your thoughts. We greatly appreciate it. Many blessings.","company_level","https://www.google.com/search?sca_esv=5e6c1f1176e333b8&si=APenkKm7iecQ4G6P-TsbSMFKIQtv3EFIqRAFw-i8uEbk55Z-_6d3ozmn-eNjsRjteM_rr1YkA11hArt9ujLOgZz9KZWAjmGk7nveI1bbVuvdGZEJHbhtWVmIfCBVEKgB10VCY86lcIajZnyFVsfUU2AeU7H3y-L8Ng%3D%3D&q=Rock+the+Treatment+Reviews&sa=X"
"google","company","ChdDSUhNMG9nS0VJQ0FnSUM2aXQtRnhRRRAB","","","5","Frank Harnos","4 reviews","https://www.google.com/maps/contrib/104482419830336142869/reviews?hl=en-US","4 years ago","","I ordered a Women's Large Chemo Basket for a co-worker's wife. He told me she loved it and was using everything that came with it. That was enough for me to say this is an awesome gift to give someone dealing with cancer.","false","","Rock the Treatment (Owner)","4 years ago","Frank, thank you so much for the kind words. We are so happy to hear that your gift helped your co-worker through a scary and difficult time. Wishing you all many blessings.","conflicting_size_explicit","https://www.google.com/search?sca_esv=5e6c1f1176e333b8&si=APenkKm7iecQ4G6P-TsbSMFKIQtv3EFIqRAFw-i8uEbk55Z-_6d3ozmn-eNjsRjteM_rr1YkA11hArt9ujLOgZz9KZWAjmGk7nveI1bbVuvdGZEJHbhtWVmIfCBVEKgB10VCY86lcIajZnyFVsfUU2AeU7H3y-L8Ng%3D%3D&q=Rock+the+Treatment+Reviews&sa=X"
"google","company","ChdDSUhNMG9nS0VJQ0FnSURQNHFtRDN3RRAB","","","4","Denise Riehl","3 reviews","https://www.google.com/maps/contrib/114287297334254274231/reviews?hl=en-US","a year ago","","Its a lot smaller than it appears in the ad. $125 including shipping seems like a lot for the men’s medium care package but prices have gone up on everything everywhere so..Plus I think it’s great that they thought to make something like this for cancer patients.","false","","Rock the Treatment (Owner)","a year ago","Denise, We do our best to ensure our customers get as much value as possible. Thank you for the kind words. Blessings.","company_product_unspecified","https://www.google.com/search?sca_esv=5e6c1f1176e333b8&si=APenkKm7iecQ4G6P-TsbSMFKIQtv3EFIqRAFw-i8uEbk55Z-_6d3ozmn-eNjsRjteM_rr1YkA11hArt9ujLOgZz9KZWAjmGk7nveI1bbVuvdGZEJHbhtWVmIfCBVEKgB10VCY86lcIajZnyFVsfUU2AeU7H3y-L8Ng%3D%3D&q=Rock+the+Treatment+Reviews&sa=X"
"google","company","ChdDSUhNMG9nS0VJQ0FnSUNDOV8ydW9RRRAB","","","5","Christine Saylor","Local Guide·92 reviews·17 photos","https://www.google.com/maps/contrib/117909952980383261266/reviews?hl=en-US","5 years ago","","The package was delivered very quickly and all the products were great. I got this for my daughter-in-law who is going to start chemo Friidat, 9/11/20. She was very grateful and was very pleased with the items. Thank you","false","","Rock the Treatment (Owner)","5 years ago","Christine, we are so happy that your daughter-in-law liked your gift and found it helpful. Many blessings to you all.","possible_women_package","https://www.google.com/search?sca_esv=5e6c1f1176e333b8&si=APenkKm7iecQ4G6P-TsbSMFKIQtv3EFIqRAFw-i8uEbk55Z-_6d3ozmn-eNjsRjteM_rr1YkA11hArt9ujLOgZz9KZWAjmGk7nveI1bbVuvdGZEJHbhtWVmIfCBVEKgB10VCY86lcIajZnyFVsfUU2AeU7H3y-L8Ng%3D%3D&q=Rock+the+Treatment+Reviews&sa=X"
"google","company","ChZDSUhNMG9nS0VJQ0FnSURHNGVfQUZREAE","","","5","sally palomino","6 reviews·1 photo","https://www.google.com/maps/contrib/106323281319097038019/reviews?hl=en-US","4 years ago","","purchased Men's Large Chemo Basket for one of our leaders currently going through treatment and he expressed his appreciation. Very thoughtful and conscious on the select items in the basket. minus the nuts as he has a nut allergy.","false","","Rock the Treatment (Owner)","4 years ago","Sally, thank you so much for the kind words. We are so happy to hear that your colleague appreciated your gift. We hope it brought him a bit of joy and comfort during a difficult time.","company_product_unspecified","https://www.google.com/search?sca_esv=5e6c1f1176e333b8&si=APenkKm7iecQ4G6P-TsbSMFKIQtv3EFIqRAFw-i8uEbk55Z-_6d3ozmn-eNjsRjteM_rr1YkA11hArt9ujLOgZz9KZWAjmGk7nveI1bbVuvdGZEJHbhtWVmIfCBVEKgB10VCY86lcIajZnyFVsfUU2AeU7H3y-L8Ng%3D%3D&q=Rock+the+Treatment+Reviews&sa=X"
"google","company","ChdDSUhNMG9nS0VJQ0FnSUNqM0kyV3JBRRAB","","","5","Kim Ward","10 reviews·2 photos","https://www.google.com/maps/contrib/114765418449622008602/reviews?hl=en-US","2 years ago","","My friend I sent this to was very pleased with everything in her basket. I was a quick delivery. Thank you so much for making these affordable baskets to bring a little joy to a cancer patients day.","false","","Rock the Treatment (Owner)","2 years ago","❤️ thank you so much Kim. We are so glad to hear that you were pleased with your experience. We hope it brought the recipient comfort during a difficult time. Blessings.","possible_women_package","https://www.google.com/search?sca_esv=5e6c1f1176e333b8&si=APenkKm7iecQ4G6P-TsbSMFKIQtv3EFIqRAFw-i8uEbk55Z-_6d3ozmn-eNjsRjteM_rr1YkA11hArt9ujLOgZz9KZWAjmGk7nveI1bbVuvdGZEJHbhtWVmIfCBVEKgB10VCY86lcIajZnyFVsfUU2AeU7H3y-L8Ng%3D%3D&q=Rock+the+Treatment+Reviews&sa=X"
"google","company","ChdDSUhNMG9nS0VJQ0FnSUNKeWZ1NnpBRRAB","","","5","Sherrie Middleton","1 review","https://www.google.com/maps/contrib/103810429961481047797/reviews?hl=en-US","3 years ago","","What an amazing box full of goodies! The nausea lollipops were so helpful. Also such a great personalized email that touch my heart! Thank You ♥️🙏🏻","false","","Rock the Treatment (Owner)","3 years ago","Sherrie, Thank you so much for taking the time to share your lovely feedback. We are so happy to hear that the Queasy Pops were helpful!! Many blessings.","company_level","https://www.google.com/search?sca_esv=5e6c1f1176e333b8&si=APenkKm7iecQ4G6P-TsbSMFKIQtv3EFIqRAFw-i8uEbk55Z-_6d3ozmn-eNjsRjteM_rr1YkA11hArt9ujLOgZz9KZWAjmGk7nveI1bbVuvdGZEJHbhtWVmIfCBVEKgB10VCY86lcIajZnyFVsfUU2AeU7H3y-L8Ng%3D%3D&q=Rock+the+Treatment+Reviews&sa=X"
"google","company","ChZDSUhNMG9nS0VJQ0FnSURjeUtqWUNBEAE","","","5","Stacie Ray","1 review","https://www.google.com/maps/contrib/107667341401346242391/reviews?hl=en-US","6 years ago","","My best friend was so excited to receive this gift box. She called me immediately! Thank you for providing a way to comfort her during this difficult time when I can't be with her in person!","false","","Rock the Treatment (Owner)","6 years ago","Stacie, we are so happy to hear that your friend LOVED her basket. Thank you for your kind words. Many blessings.","company_level","https://www.google.com/search?sca_esv=5e6c1f1176e333b8&si=APenkKm7iecQ4G6P-TsbSMFKIQtv3EFIqRAFw-i8uEbk55Z-_6d3ozmn-eNjsRjteM_rr1YkA11hArt9ujLOgZz9KZWAjmGk7nveI1bbVuvdGZEJHbhtWVmIfCBVEKgB10VCY86lcIajZnyFVsfUU2AeU7H3y-L8Ng%3D%3D&q=Rock+the+Treatment+Reviews&sa=X"
"google","company","ChZDSUhNMG9nS0VJQ0FnSURDdUlXTkJnEAE","","","5","Natalie Francis","4 reviews","https://www.google.com/maps/contrib/103831671171146094581/reviews?hl=en-US","5 years ago","","I complained about a note missing from the basket I ordered. Stacy reached out to me shortly thereafter and conducted herself in such an honorable, decent way. She was so sorry about this mistake. I really appreciate her and she will definitely get my business again.","false","","Rock the Treatment (Owner)","5 years ago","Natalie, thank you so much for your understanding. We work very hard to ensure everything is perfect. Unfortunately, sometimes a mistake will occur. To us, the measure of a company is how the mistakes are handled that counts. We thank you so much for taking the time to share your thoughts despite an imperfect experience. 💙","company_level","https://www.google.com/search?sca_esv=5e6c1f1176e333b8&si=APenkKm7iecQ4G6P-TsbSMFKIQtv3EFIqRAFw-i8uEbk55Z-_6d3ozmn-eNjsRjteM_rr1YkA11hArt9ujLOgZz9KZWAjmGk7nveI1bbVuvdGZEJHbhtWVmIfCBVEKgB10VCY86lcIajZnyFVsfUU2AeU7H3y-L8Ng%3D%3D&q=Rock+the+Treatment+Reviews&sa=X"
"google","company","ChZDSUhNMG9nS0VJQ0FnSUM4bkpmMEh3EAE","","","5","Audrey Stewart","11 reviews","https://www.google.com/maps/contrib/108967779724516918750/reviews?hl=en-US","6 years ago","","Got this gift for a friend. Yesterday was her last chemo treatment and I was told that she used every single item in the Rock the Treatment box I got her. She said every single thing in that box was very helpful to her during this difficult time. I cannot thank you enough Rock the Treatment! You really helped she and I during this time!","false","","Rock the Treatment (Owner)","6 years ago","Audrey, we are so glad that your friend liked the basket and found it helpful! We are even more thrilled that she completed her last treatment. Thank you for taking the time to share your thoughts. Many blessings to both of you and your families.","possible_women_package","https://www.google.com/search?sca_esv=5e6c1f1176e333b8&si=APenkKm7iecQ4G6P-TsbSMFKIQtv3EFIqRAFw-i8uEbk55Z-_6d3ozmn-eNjsRjteM_rr1YkA11hArt9ujLOgZz9KZWAjmGk7nveI1bbVuvdGZEJHbhtWVmIfCBVEKgB10VCY86lcIajZnyFVsfUU2AeU7H3y-L8Ng%3D%3D&q=Rock+the+Treatment+Reviews&sa=X"
"google","company","ChZDSUhNMG9nS0VJQ0FnSURDbmR2ZmJnEAE","","","5","Donna Littlejohn","Local Guide·41 reviews·7 photos","https://www.google.com/maps/contrib/112734664152171328312/reviews?hl=en-US","5 years ago","","We got the gift box for a loved one just starting radiation treatment. He was very pleased with it and we were so happy to give this to show support! He likes everything in the box!","false","","Rock the Treatment (Owner)","5 years ago","Donna, we are so happy to hear that your gift made your loved one smile and brought him a bit of joy during a difficult time. Thank you so much for taking the time to share your feedback. Be safe!","company_product_unspecified","https://www.google.com/search?sca_esv=5e6c1f1176e333b8&si=APenkKm7iecQ4G6P-TsbSMFKIQtv3EFIqRAFw-i8uEbk55Z-_6d3ozmn-eNjsRjteM_rr1YkA11hArt9ujLOgZz9KZWAjmGk7nveI1bbVuvdGZEJHbhtWVmIfCBVEKgB10VCY86lcIajZnyFVsfUU2AeU7H3y-L8Ng%3D%3D&q=Rock+the+Treatment+Reviews&sa=X"
"google","company","ChZDSUhNMG9nS0VJQ0FnSURYeUtDOExnEAE","","","5","Tammy Jakubowski","8 reviews·1 photo","https://www.google.com/maps/contrib/109509877359450593554/reviews?hl=en-US","a year ago","","Excellent customer support. Willing to substitute things if the recipient has special circumstances. Chemo classes recommended every thing on the box.","false","","Rock the Treatment (Owner)","a year ago","Tammy, we are so happy to hear you were pleased with your experience. We hope your chemo care package brought the recipient a lot of comfort and some smiles. Thank you for taking the time to share your thoughtful feedback. Blessings. ❤️🙏","company_product_unspecified","https://www.google.com/search?sca_esv=5e6c1f1176e333b8&si=APenkKm7iecQ4G6P-TsbSMFKIQtv3EFIqRAFw-i8uEbk55Z-_6d3ozmn-eNjsRjteM_rr1YkA11hArt9ujLOgZz9KZWAjmGk7nveI1bbVuvdGZEJHbhtWVmIfCBVEKgB10VCY86lcIajZnyFVsfUU2AeU7H3y-L8Ng%3D%3D&q=Rock+the+Treatment+Reviews&sa=X"
"google","company","ChZDSUhNMG9nS0VJQ0FnSUNhaVlTYVBBEAE","","","5","Stephanie Young","Local Guide·44 reviews","https://www.google.com/maps/contrib/110479489878794399522/reviews?hl=en-US","4 years ago","","This was a great purchase. So many options inside the box for my sister in law to choose from according to her needs. I am glad i found Rock the treatment. They really are wonderful.","false","","Rock the Treatment (Owner)","4 years ago","Stephanie, we are so happy that you're happy with the basket. We hope your sister in law got a bit of joy and some comfort from your gift. Many blessings.","possible_women_package","https://www.google.com/search?sca_esv=5e6c1f1176e333b8&si=APenkKm7iecQ4G6P-TsbSMFKIQtv3EFIqRAFw-i8uEbk55Z-_6d3ozmn-eNjsRjteM_rr1YkA11hArt9ujLOgZz9KZWAjmGk7nveI1bbVuvdGZEJHbhtWVmIfCBVEKgB10VCY86lcIajZnyFVsfUU2AeU7H3y-L8Ng%3D%3D&q=Rock+the+Treatment+Reviews&sa=X"
"google","company","ChZDSUhNMG9nS0VJQ0FnSURDMk0tVVFREAE","","","5","Janet Bezinque","12 reviews·9 photos","https://www.google.com/maps/contrib/104225942387269101826/reviews?hl=en-US","5 years ago","","Purchased for my sister who is starting a chemo treatment plan. She loved everything in the box! Perfect gift to show her how much she is loved and supported.","false","","Rock the Treatment (Owner)","5 years ago","Janet, we are so glad your sister loved the basket. Thank you for taking the time to share your feedback. Many blessings.","possible_women_package","https://www.google.com/search?sca_esv=5e6c1f1176e333b8&si=APenkKm7iecQ4G6P-TsbSMFKIQtv3EFIqRAFw-i8uEbk55Z-_6d3ozmn-eNjsRjteM_rr1YkA11hArt9ujLOgZz9KZWAjmGk7nveI1bbVuvdGZEJHbhtWVmIfCBVEKgB10VCY86lcIajZnyFVsfUU2AeU7H3y-L8Ng%3D%3D&q=Rock+the+Treatment+Reviews&sa=X"
"google","company","ChZDSUhNMG9nS0VJQ0FnSUNNaFp1eVlnEAE","","","5","Amy Schmardel","10 reviews","https://www.google.com/maps/contrib/102944854416232242855/reviews?hl=en-US","6 years ago","","Amazing gifts. Thoughtful customer service people. I searched and found gift baskets with half the items and thought put into them at twice the price. But the only thing that matters is that the recipient loved it.","false","","Rock the Treatment (Owner)","6 years ago","Amy, thank you so much for taking the time to write such a lovely review and for recognizing that we like to provide a good value and selection of items in our gifts. Many blessings.","company_level","https://www.google.com/search?sca_esv=5e6c1f1176e333b8&si=APenkKm7iecQ4G6P-TsbSMFKIQtv3EFIqRAFw-i8uEbk55Z-_6d3ozmn-eNjsRjteM_rr1YkA11hArt9ujLOgZz9KZWAjmGk7nveI1bbVuvdGZEJHbhtWVmIfCBVEKgB10VCY86lcIajZnyFVsfUU2AeU7H3y-L8Ng%3D%3D&q=Rock+the+Treatment+Reviews&sa=X"
"google","company","ChdDSUhNMG9nS0VJQ0FnSUR5NXJIRXRRRRAB","","","5","Christelle Del Prete","Local Guide·38 reviews·41 photos","https://www.google.com/maps/contrib/107498282261883711056/reviews?hl=en-US","5 years ago","","I sent a small chemo basket to a colleague of mine and here is what she said: ""I've never heard of Rock the Treatment, but they know what they're doing--I will use and enjoy every single item in this care package."" That sums it up better than anything I could say. Thanks, Rock the Treatment!","false","","Rock the Treatment (Owner)","5 years ago","Christelle, AW.. that is very sweet. Thank you so much for sharing. Wishing you both many blessings.","possible_women_package","https://www.google.com/search?sca_esv=5e6c1f1176e333b8&si=APenkKm7iecQ4G6P-TsbSMFKIQtv3EFIqRAFw-i8uEbk55Z-_6d3ozmn-eNjsRjteM_rr1YkA11hArt9ujLOgZz9KZWAjmGk7nveI1bbVuvdGZEJHbhtWVmIfCBVEKgB10VCY86lcIajZnyFVsfUU2AeU7H3y-L8Ng%3D%3D&q=Rock+the+Treatment+Reviews&sa=X"
"google","company","ChdDSUhNMG9nS0VJQ0FnSURVeFkzNG53RRAB","","","5","John Bailey","3 reviews·5 photos","https://www.google.com/maps/contrib/100757736066367856754/reviews?hl=en-US","Edited 10 months ago","","Delivery was fast and efficient . Can’t tell you how grateful I am for your wonderful service . My sister was overcome with joy and emotion at such a wonderful and caring gift.Meant the world to be able to give her this.Thanks so much !!","false","","Rock the Treatment (Owner)","6 years ago","Thank you so much John. We are so pleased that your sister enjoyed the basket. Many Blessings!","company_level","https://www.google.com/search?sca_esv=5e6c1f1176e333b8&si=APenkKm7iecQ4G6P-TsbSMFKIQtv3EFIqRAFw-i8uEbk55Z-_6d3ozmn-eNjsRjteM_rr1YkA11hArt9ujLOgZz9KZWAjmGk7nveI1bbVuvdGZEJHbhtWVmIfCBVEKgB10VCY86lcIajZnyFVsfUU2AeU7H3y-L8Ng%3D%3D&q=Rock+the+Treatment+Reviews&sa=X"
"google","company","ChdDSUhNMG9nS0VJQ0FnSURQOEkyVnFnRRAB","","","5","Robert Brennan","1 review","https://www.google.com/maps/contrib/107164275808245383297/reviews?hl=en-US","a year ago","","Cancer can make you feel powerless. This service helps you fight back. If you can lift someone’s spirit just a little with this service it’s worth every penny.","false","","Rock the Treatment (Owner)","a year ago","Robert, thank you so much for sharing such lovely sentiments. We hope your cancer care package brought the recipient some smiles and comfort. Blessings. 💪🙏🏻","company_level","https://www.google.com/search?sca_esv=5e6c1f1176e333b8&si=APenkKm7iecQ4G6P-TsbSMFKIQtv3EFIqRAFw-i8uEbk55Z-_6d3ozmn-eNjsRjteM_rr1YkA11hArt9ujLOgZz9KZWAjmGk7nveI1bbVuvdGZEJHbhtWVmIfCBVEKgB10VCY86lcIajZnyFVsfUU2AeU7H3y-L8Ng%3D%3D&q=Rock+the+Treatment+Reviews&sa=X"
"google","company","ChZDSUhNMG9nS0VJQ0FnSURWejYtaWR3EAE","","","5","Aneesa Sen","8 reviews·14 photos","https://www.google.com/maps/contrib/105827671368386036244/reviews?hl=en-US","2 years ago","","My father in law was very touched! He loved all the items and the package lifted his spirits. It’s such a difficult time - Rock the Treatment made it just a bit lighter.","false","","Rock the Treatment (Owner)","2 years ago","Aneesa, we are so pleased to hear that your father in law loved receiving your gift. We hope it brings him some comfort along with some smiles. Blessings.","company_product_unspecified","https://www.google.com/search?sca_esv=5e6c1f1176e333b8&si=APenkKm7iecQ4G6P-TsbSMFKIQtv3EFIqRAFw-i8uEbk55Z-_6d3ozmn-eNjsRjteM_rr1YkA11hArt9ujLOgZz9KZWAjmGk7nveI1bbVuvdGZEJHbhtWVmIfCBVEKgB10VCY86lcIajZnyFVsfUU2AeU7H3y-L8Ng%3D%3D&q=Rock+the+Treatment+Reviews&sa=X"
"google","company","ChdDSUhNMG9nS0VJQ0FnSURXN2FDamx3RRAB","","","5","Maria Rios-Torres","12 reviews·5 photos","https://www.google.com/maps/contrib/105529534361408986103/reviews?hl=en-US","4 years ago","","This is such a great idea! I sent it to one of my best friends who's fiance's cancer relapsed. They said they got all choked up and teary when they received it. I can only hope it helps relieve some of the stress and anxiety surrounding cancer.","false","","Rock the Treatment (Owner)","4 years ago","Maria, we are so sorry to hear about your best friends fiance. We are so happy to hear that your gift brought some joy and comfort during a very difficult time. Thank you so much for taking the time to share your thoughts. Many blessings.","company_level","https://www.google.com/search?sca_esv=5e6c1f1176e333b8&si=APenkKm7iecQ4G6P-TsbSMFKIQtv3EFIqRAFw-i8uEbk55Z-_6d3ozmn-eNjsRjteM_rr1YkA11hArt9ujLOgZz9KZWAjmGk7nveI1bbVuvdGZEJHbhtWVmIfCBVEKgB10VCY86lcIajZnyFVsfUU2AeU7H3y-L8Ng%3D%3D&q=Rock+the+Treatment+Reviews&sa=X"
"google","company","ChZDSUhNMG9nS0VJQ0FnSUNHcHJLNVdREAE","","","5","Trina Larson","Local Guide·33 reviews·11 photos","https://www.google.com/maps/contrib/114738268337009109275/reviews?hl=en-US","4 years ago","","This purchase was for my sister. She was thrilled with it. It brightened her spirits and gave great comfort during her treatment! I would definitely recommend it!","false","","Rock the Treatment (Owner)","4 years ago","We are so pleased that your gift helped to give your sister some smiles and comfort! We appreciate you taking the time to share your thoughts. Many blessings to your sister and family.","company_level","https://www.google.com/search?sca_esv=5e6c1f1176e333b8&si=APenkKm7iecQ4G6P-TsbSMFKIQtv3EFIqRAFw-i8uEbk55Z-_6d3ozmn-eNjsRjteM_rr1YkA11hArt9ujLOgZz9KZWAjmGk7nveI1bbVuvdGZEJHbhtWVmIfCBVEKgB10VCY86lcIajZnyFVsfUU2AeU7H3y-L8Ng%3D%3D&q=Rock+the+Treatment+Reviews&sa=X"
"google","company","ChdDSUhNMG9nS0VJQ0FnSURCNTdqN3h3RRAB","","","5","Deanna Drury","11 reviews","https://www.google.com/maps/contrib/110714573085145425867/reviews?hl=en-US","3 years ago","","Package was for a friend who was recently diagnosed with cancer. His wife gave us a big thank you saying ""company really knows their recipients -- package addressed symptoms from itchy skin to nausea to dry mouth"".","false","","Rock the Treatment (Owner)","3 years ago","Thank you! We are so happy to hear that the recipient loved receiving your gift and that they found it helpful. We appreciate you taking the time so share your lovely feedback. Blessings","possible_women_package","https://www.google.com/search?sca_esv=5e6c1f1176e333b8&si=APenkKm7iecQ4G6P-TsbSMFKIQtv3EFIqRAFw-i8uEbk55Z-_6d3ozmn-eNjsRjteM_rr1YkA11hArt9ujLOgZz9KZWAjmGk7nveI1bbVuvdGZEJHbhtWVmIfCBVEKgB10VCY86lcIajZnyFVsfUU2AeU7H3y-L8Ng%3D%3D&q=Rock+the+Treatment+Reviews&sa=X"
"google","company","ChZDSUhNMG9nS0VJQ0FnSUNLMnZxb1VnEAE","","","5","Jennifer Heidorn","7 reviews·3 photos","https://www.google.com/maps/contrib/110612760017611529972/reviews?hl=en-US","5 years ago","","Wonderful box!! The recipient loved it! So much thought was put into the items in the box. Excellent choices and the recipient was really encouraged at the thought.I’ll be back to get another! Thank you, thank you!","false","","Rock the Treatment (Owner)","5 years ago","Jennifer, thank you so much for your kind words and lovely review. We try very hard and truly appreciate you noticing. We are so happy to hear that the recipient loved your gift and that it brought her some joy. Many blessings.","company_level","https://www.google.com/search?sca_esv=5e6c1f1176e333b8&si=APenkKm7iecQ4G6P-TsbSMFKIQtv3EFIqRAFw-i8uEbk55Z-_6d3ozmn-eNjsRjteM_rr1YkA11hArt9ujLOgZz9KZWAjmGk7nveI1bbVuvdGZEJHbhtWVmIfCBVEKgB10VCY86lcIajZnyFVsfUU2AeU7H3y-L8Ng%3D%3D&q=Rock+the+Treatment+Reviews&sa=X"
"google","company","ChZDSUhNMG9nS0VJQ0FnSUNlczlHc09nEAE","","","5","Hercules C&G Drain","4 reviews·2 photos","https://www.google.com/maps/contrib/112332108230077610773/reviews?hl=en-US","3 years ago","","Large chemo basket for my sister was fantastic. She loved everything in the basket. Thank you for helping me put a smile on her face.","false","","Rock the Treatment (Owner)","3 years ago","We are so HAPPY to hear that your sister loved your gift and that it gave her some smiles during a difficult time. Thank you for sharing your feedback. We greatly appreciate you taking the time. Blessings.","possible_women_package","https://www.google.com/search?sca_esv=5e6c1f1176e333b8&si=APenkKm7iecQ4G6P-TsbSMFKIQtv3EFIqRAFw-i8uEbk55Z-_6d3ozmn-eNjsRjteM_rr1YkA11hArt9ujLOgZz9KZWAjmGk7nveI1bbVuvdGZEJHbhtWVmIfCBVEKgB10VCY86lcIajZnyFVsfUU2AeU7H3y-L8Ng%3D%3D&q=Rock+the+Treatment+Reviews&sa=X"
"google","company","ChdDSUhNMG9nS0VJQ0FnSUR1Z05UMG5nRRAB","","","5","kristina b","7 reviews","https://www.google.com/maps/contrib/100779661632609190014/reviews?hl=en-US","3 years ago","","The recipient said this was a very thoughtful and appreciated gift. I would highly recommend this for your loved ones starting chemo. Also great personalized customer service.","false","","Rock the Treatment (Owner)","3 years ago","Thank you Kristina. We are so happy to hear that the recipient loved your gift. Wishing you both many blessings.","company_product_unspecified","https://www.google.com/search?sca_esv=5e6c1f1176e333b8&si=APenkKm7iecQ4G6P-TsbSMFKIQtv3EFIqRAFw-i8uEbk55Z-_6d3ozmn-eNjsRjteM_rr1YkA11hArt9ujLOgZz9KZWAjmGk7nveI1bbVuvdGZEJHbhtWVmIfCBVEKgB10VCY86lcIajZnyFVsfUU2AeU7H3y-L8Ng%3D%3D&q=Rock+the+Treatment+Reviews&sa=X"
"google","company","ChZDSUhNMG9nS0VJQ0FnSUNtX0pqbFZREAE","","","5","Danielle Hoger","3 reviews","https://www.google.com/maps/contrib/111962022022554192570/reviews?hl=en-US","4 years ago","","These boxes are amazing!! I bought the chemo box for my mom for Christmas and she loved it! Thank you for all of your hard work of putting it together.","false","","Rock the Treatment (Owner)","4 years ago","Danielle, we are so sorry to hear about your moms diagnosis. We are so happy to hear that your mom loved your gift. We deeply appreciate you taking the time to share your thoughts. Wishing you mom and family many blessings.","possible_women_package","https://www.google.com/search?sca_esv=5e6c1f1176e333b8&si=APenkKm7iecQ4G6P-TsbSMFKIQtv3EFIqRAFw-i8uEbk55Z-_6d3ozmn-eNjsRjteM_rr1YkA11hArt9ujLOgZz9KZWAjmGk7nveI1bbVuvdGZEJHbhtWVmIfCBVEKgB10VCY86lcIajZnyFVsfUU2AeU7H3y-L8Ng%3D%3D&q=Rock+the+Treatment+Reviews&sa=X"
"google","company","ChZDSUhNMG9nS0VJQ0FnSUMwbGNiUEZnEAE","","","5","Susan W","Local Guide·20 reviews","https://www.google.com/maps/contrib/113111108922541987174/reviews?hl=en-US","6 years ago","","My Aunt LOVED the basket and loved that all the products were geared towards what she was going through and what would help her during this process. Highly recommend this product!!!!","false","","Rock the Treatment (Owner)","6 years ago","Susan, we appreciate you taking the time to share your thoughts. We are so happy your Aunt loved the basket, and that she found it helpful. Many blessings!","company_level","https://www.google.com/search?sca_esv=5e6c1f1176e333b8&si=APenkKm7iecQ4G6P-TsbSMFKIQtv3EFIqRAFw-i8uEbk55Z-_6d3ozmn-eNjsRjteM_rr1YkA11hArt9ujLOgZz9KZWAjmGk7nveI1bbVuvdGZEJHbhtWVmIfCBVEKgB10VCY86lcIajZnyFVsfUU2AeU7H3y-L8Ng%3D%3D&q=Rock+the+Treatment+Reviews&sa=X"
"google","company","ChdDSUhNMG9nS0VJQ0FnSUNhaVo3TDJ3RRAB","","","5","Jennifer Guerrero","Local Guide·15 reviews","https://www.google.com/maps/contrib/111113261556810106354/reviews?hl=en-US","4 years ago","","Absolutely fantastic company and care package for a chemo and radiation patient! It brought him and his family to tears. Couldn't be happier to know that I was able to bring him some peace and comfort with this box.","false","","Rock the Treatment (Owner)","4 years ago","Jennifer 💜💜 thank you so much for the kind words. We are so happy that your gift made some dark days a bit brighter. Many blessings.","company_product_unspecified","https://www.google.com/search?sca_esv=5e6c1f1176e333b8&si=APenkKm7iecQ4G6P-TsbSMFKIQtv3EFIqRAFw-i8uEbk55Z-_6d3ozmn-eNjsRjteM_rr1YkA11hArt9ujLOgZz9KZWAjmGk7nveI1bbVuvdGZEJHbhtWVmIfCBVEKgB10VCY86lcIajZnyFVsfUU2AeU7H3y-L8Ng%3D%3D&q=Rock+the+Treatment+Reviews&sa=X"
"google","company","Ci9DQUlRQUNvZENodHljRjlvT2tsbk0zaDZiRzFzWjBkUVFqbGlNRmR0V0U5SGRYYxAB","","","5","Ellen Sweningson","4 reviews","https://www.google.com/maps/contrib/110255173937707617473/reviews?hl=en-US","11 months ago","","The recepint of this product said the quality was really good. Also the recepint was very happy! Great company.","false","","Rock the Treatment (Owner)","11 months ago","Ellen, thank you so much for the kind words. We hope your gift brought the recipient comfort and smiles. Blessings. 🙏🏻❤️","company_level","https://www.google.com/search?sca_esv=5e6c1f1176e333b8&si=APenkKm7iecQ4G6P-TsbSMFKIQtv3EFIqRAFw-i8uEbk55Z-_6d3ozmn-eNjsRjteM_rr1YkA11hArt9ujLOgZz9KZWAjmGk7nveI1bbVuvdGZEJHbhtWVmIfCBVEKgB10VCY86lcIajZnyFVsfUU2AeU7H3y-L8Ng%3D%3D&q=Rock+the+Treatment+Reviews&sa=X"
"google","company","ChdDSUhNMG9nS0VJQ0FnTUNJNE5DaWxRRRAB","","","5","Dionne Maxwell","Local Guide·17 reviews·1 photo","https://www.google.com/maps/contrib/110553141383876118945/reviews?hl=en-US","a year ago","","Amazing care package! Love everything in it. Perfect for my Aunt undergoing chemo. She appreciated everything in it.","false","","Rock the Treatment (Owner)","a year ago","Dionne. We are so happy to hear that the RTt Cancer Care Package you sent your wonderful Aunt was helpful!! Thank you so much for taking the time to share your lovely feedback. Many blessings.🙏❤️","possible_women_package","https://www.google.com/search?sca_esv=5e6c1f1176e333b8&si=APenkKm7iecQ4G6P-TsbSMFKIQtv3EFIqRAFw-i8uEbk55Z-_6d3ozmn-eNjsRjteM_rr1YkA11hArt9ujLOgZz9KZWAjmGk7nveI1bbVuvdGZEJHbhtWVmIfCBVEKgB10VCY86lcIajZnyFVsfUU2AeU7H3y-L8Ng%3D%3D&q=Rock+the+Treatment+Reviews&sa=X"
"google","company","ChZDSUhNMG9nS0VJQ0FnSUN5NFlMMkZnEAE","","","5","Vicky Lodia","Local Guide·24 reviews","https://www.google.com/maps/contrib/117008445823145366995/reviews?hl=en-US","5 years ago","","This was just the right and needed gift to someone who needed. She loved it. Said it had so many items in it she needed. She said it made her day at a time that was very hard for her. Awesome gift. Thank you so much.","false","","Rock the Treatment (Owner)","5 years ago","Vicky, we are so happy that your friend loved your gift and that it brightened her day during a very difficult time. We appreciate you taking the time to share. Many blessings. 🙏🏻❤️","company_level","https://www.google.com/search?sca_esv=5e6c1f1176e333b8&si=APenkKm7iecQ4G6P-TsbSMFKIQtv3EFIqRAFw-i8uEbk55Z-_6d3ozmn-eNjsRjteM_rr1YkA11hArt9ujLOgZz9KZWAjmGk7nveI1bbVuvdGZEJHbhtWVmIfCBVEKgB10VCY86lcIajZnyFVsfUU2AeU7H3y-L8Ng%3D%3D&q=Rock+the+Treatment+Reviews&sa=X"
"google","company","ChdDSUhNMG9nS0VJQ0FnSURzOXNYbDFBRRAB","","","5","Jeremy A","Local Guide·134 reviews·78 photos","https://www.google.com/maps/contrib/106886749609508543734/reviews?hl=en-US","6 years ago","","I have ordered from here three times and the recipient is always blown away. The last time the company founder sent a personal message (not an automated note) to me, great touch. The order shipped the same day and delivered a few days later. I hope to never need this service again but if I do I'll be using it.","false","","Rock the Treatment (Owner)","6 years ago","Jeremy, thank you so much for taking the time to recommend us. We are thrilled to learn that all three of your friends or loved ones enjoyed receiving your gift. We sincerely hope you never have to send another basket like this again either! But if you do, we are happy to help anyway we can. (PS…you only received 1 personal note? 😢 Check your spam folder for the other two may be in there. We send personal notes on every order 😊)Many blessings! 💙🙏","company_level","https://www.google.com/search?sca_esv=5e6c1f1176e333b8&si=APenkKm7iecQ4G6P-TsbSMFKIQtv3EFIqRAFw-i8uEbk55Z-_6d3ozmn-eNjsRjteM_rr1YkA11hArt9ujLOgZz9KZWAjmGk7nveI1bbVuvdGZEJHbhtWVmIfCBVEKgB10VCY86lcIajZnyFVsfUU2AeU7H3y-L8Ng%3D%3D&q=Rock+the+Treatment+Reviews&sa=X"
"google","company","ChdDSUhNMG9nS0VJQ0FnSURjOE1xYnBBRRAB","","","5","Ariana Gunn Miller","Local Guide·205 reviews·302 photos","https://www.google.com/maps/contrib/103304550034235347534/reviews?hl=en-US","6 years ago","","This was the PERFECT gift in lieu of our presence!!! It of course came on a bad day and lifted our friends spirit! Everything in the basket was useful and of the best quality!!! Thank you SOOOO much! 😘🥰","false","","Rock the Treatment (Owner)","6 years ago","Ariana, we are so glad that your gift helped make your friend or family members bad day better. Thank you for taking the time to share your thoughts. Be safe 💜","company_level","https://www.google.com/search?sca_esv=5e6c1f1176e333b8&si=APenkKm7iecQ4G6P-TsbSMFKIQtv3EFIqRAFw-i8uEbk55Z-_6d3ozmn-eNjsRjteM_rr1YkA11hArt9ujLOgZz9KZWAjmGk7nveI1bbVuvdGZEJHbhtWVmIfCBVEKgB10VCY86lcIajZnyFVsfUU2AeU7H3y-L8Ng%3D%3D&q=Rock+the+Treatment+Reviews&sa=X"
"google","company","ChdDSUhNMG9nS0VJQ0FnSUR5M3NyQi1nRRAB","","","5","Carolyn Marks","3 reviews·3 photos","https://www.google.com/maps/contrib/101663813060386336365/reviews?hl=en-US","5 years ago","","Our friend loved the basket we sent, the food, nuts, books, presentation and quality of everything. We would certainly use this company again.","false","","Rock the Treatment (Owner)","5 years ago","Carolyn, we are so happy that your friend loved the basket. Thank you so much for the kind words and for taking the time to share your thoughts. Be safe.","company_level","https://www.google.com/search?sca_esv=5e6c1f1176e333b8&si=APenkKm7iecQ4G6P-TsbSMFKIQtv3EFIqRAFw-i8uEbk55Z-_6d3ozmn-eNjsRjteM_rr1YkA11hArt9ujLOgZz9KZWAjmGk7nveI1bbVuvdGZEJHbhtWVmIfCBVEKgB10VCY86lcIajZnyFVsfUU2AeU7H3y-L8Ng%3D%3D&q=Rock+the+Treatment+Reviews&sa=X"
"google","company","ChZDSUhNMG9nS0VJQ0FnSUMwOGVyWFZ3EAE","","","5","Gena","Local Guide·104 reviews·21 photos","https://www.google.com/maps/contrib/110924016315301524563/reviews?hl=en-US","6 years ago","","I purchased for my friend. She said the lip balm gave her immediate relief. Only a week out, but I am very happy she has something to help her.","false","","Rock the Treatment (Owner)","6 years ago","Gena, we are so glad that your friend loved the Dionis lip balm! It is a crowd fav. Many blessings to you and your friend!!","company_level","https://www.google.com/search?sca_esv=5e6c1f1176e333b8&si=APenkKm7iecQ4G6P-TsbSMFKIQtv3EFIqRAFw-i8uEbk55Z-_6d3ozmn-eNjsRjteM_rr1YkA11hArt9ujLOgZz9KZWAjmGk7nveI1bbVuvdGZEJHbhtWVmIfCBVEKgB10VCY86lcIajZnyFVsfUU2AeU7H3y-L8Ng%3D%3D&q=Rock+the+Treatment+Reviews&sa=X"
"google","company","ChdDSUhNMG9nS0VJQ0FnSUNjcjdtZXp3RRAB","","","5","Amanda Wetzel","6 reviews·1 photo","https://www.google.com/maps/contrib/105001239941717528287/reviews?hl=en-US","6 years ago","","I live in Australia and wanted to do something for a warrior I love who is living in Georgia. The radiotherapy hamper was perfect. Great customer service from start to finish. Thanks!","false","","Rock the Treatment (Owner)","6 years ago","Thank you Amanda!!! Many prayers and blessings!!","company_level","https://www.google.com/search?sca_esv=5e6c1f1176e333b8&si=APenkKm7iecQ4G6P-TsbSMFKIQtv3EFIqRAFw-i8uEbk55Z-_6d3ozmn-eNjsRjteM_rr1YkA11hArt9ujLOgZz9KZWAjmGk7nveI1bbVuvdGZEJHbhtWVmIfCBVEKgB10VCY86lcIajZnyFVsfUU2AeU7H3y-L8Ng%3D%3D&q=Rock+the+Treatment+Reviews&sa=X"
"google","company","ChZDSUhNMG9nS0VJQ0FnSUNzbVB5WWV3EAE","","","5","Patti Carbonara","10 reviews","https://www.google.com/maps/contrib/104810990531509850455/reviews?hl=en-US","6 years ago","","Got the basket there quickly! Amazing things that the receiver said was everything they told her to get for her upcoming treatments. And overall filled with love. THANK YOU!","false","","Rock the Treatment (Owner)","6 years ago","Patti, thank you so much for the kind review. It is sincerely appreciated. Many blessings!!","company_level","https://www.google.com/search?sca_esv=5e6c1f1176e333b8&si=APenkKm7iecQ4G6P-TsbSMFKIQtv3EFIqRAFw-i8uEbk55Z-_6d3ozmn-eNjsRjteM_rr1YkA11hArt9ujLOgZz9KZWAjmGk7nveI1bbVuvdGZEJHbhtWVmIfCBVEKgB10VCY86lcIajZnyFVsfUU2AeU7H3y-L8Ng%3D%3D&q=Rock+the+Treatment+Reviews&sa=X"
"google","company","ChdDSUhNMG9nS0VJQ0FnSUNva0tpYXpnRRAB","","","5","Karen Durgans","1 review","https://www.google.com/maps/contrib/109574375317723830284/reviews?hl=en-US","7 years ago","","Review for Men's Chemo Basket: My step-sister and family really appreciated the Men's Chemo Basket. It came at the beginning of a difficult treatment and it provided encouragement and hope.","false","","Rock the Treatment (Owner)","7 years ago","Thank you so much for the kind words. We appreciate you taking the time to share your feedback!!","possible_women_package","https://www.google.com/search?sca_esv=5e6c1f1176e333b8&si=APenkKm7iecQ4G6P-TsbSMFKIQtv3EFIqRAFw-i8uEbk55Z-_6d3ozmn-eNjsRjteM_rr1YkA11hArt9ujLOgZz9KZWAjmGk7nveI1bbVuvdGZEJHbhtWVmIfCBVEKgB10VCY86lcIajZnyFVsfUU2AeU7H3y-L8Ng%3D%3D&q=Rock+the+Treatment+Reviews&sa=X"
"google","company","ChRDSUhNMG9nS0VQQzc0YnpuNEx0cxAB","","","5","Jennie Herrmann","8 reviews","https://www.google.com/maps/contrib/111025477063182568345/reviews?hl=en-US","a year ago","","Amazing concept! This was such a great gift for me to give my friend. Highly recommend!","false","","Rock the Treatment (Owner)","a year ago","Jennie, Thank you so much. We greatly appreciate you taking the time to share. Blessings.","company_level","https://www.google.com/search?sca_esv=5e6c1f1176e333b8&si=APenkKm7iecQ4G6P-TsbSMFKIQtv3EFIqRAFw-i8uEbk55Z-_6d3ozmn-eNjsRjteM_rr1YkA11hArt9ujLOgZz9KZWAjmGk7nveI1bbVuvdGZEJHbhtWVmIfCBVEKgB10VCY86lcIajZnyFVsfUU2AeU7H3y-L8Ng%3D%3D&q=Rock+the+Treatment+Reviews&sa=X"
"google","company","ChZDSUhNMG9nS0VJQ0FnSUQyeUpiLUxREAE","","","5","justin zabel","4 reviews","https://www.google.com/maps/contrib/100462523341405247862/reviews?hl=en-US","4 years ago","","Received the order very quickly. Also received a personal email from the company. Shows how much the company truly cares about their customers.","false","","Rock the Treatment (Owner)","4 years ago","Justin, we are so happy to hear that you were pleased with the service. Thank you so much for taking the time to share your feedback. 🙏❤️","company_level","https://www.google.com/search?sca_esv=5e6c1f1176e333b8&si=APenkKm7iecQ4G6P-TsbSMFKIQtv3EFIqRAFw-i8uEbk55Z-_6d3ozmn-eNjsRjteM_rr1YkA11hArt9ujLOgZz9KZWAjmGk7nveI1bbVuvdGZEJHbhtWVmIfCBVEKgB10VCY86lcIajZnyFVsfUU2AeU7H3y-L8Ng%3D%3D&q=Rock+the+Treatment+Reviews&sa=X"
"google","company","ChZDSUhNMG9nS0VJQ0FnSUMzaWZ5VllREAE","","","5","Sherrie Hundemer","1 review","https://www.google.com/maps/contrib/117795265470490040205/reviews?hl=en-US","a year ago","","Love them! Brings encouragement to others! Wish there was a white one for lung cancer! Good product!","false","","Rock the Treatment (Owner)","a year ago","Sherrie, ❤️ Thank you very much for taking the time to share your feedback. We are so happy that you had a great experience. Blessings 🙏","company_level","https://www.google.com/search?sca_esv=5e6c1f1176e333b8&si=APenkKm7iecQ4G6P-TsbSMFKIQtv3EFIqRAFw-i8uEbk55Z-_6d3ozmn-eNjsRjteM_rr1YkA11hArt9ujLOgZz9KZWAjmGk7nveI1bbVuvdGZEJHbhtWVmIfCBVEKgB10VCY86lcIajZnyFVsfUU2AeU7H3y-L8Ng%3D%3D&q=Rock+the+Treatment+Reviews&sa=X"
"google","company","ChdDSUhNMG9nS0VJQ0FnSURMcHJxMmp3RRAB","","","5","Shane Stielkyne","Local Guide·130 reviews·42 photos","https://www.google.com/maps/contrib/111852568504913828554/reviews?hl=en-US","2 years ago","","This was such a wonderful gift for my mother who is fighting lung cancer. She absolutely loved it. Thank you!","false","","Rock the Treatment (Owner)","2 years ago","Thank you for sharing your feedback Shane. Wishing your mom and family many blessings 🙏❤️","possible_women_package","https://www.google.com/search?sca_esv=5e6c1f1176e333b8&si=APenkKm7iecQ4G6P-TsbSMFKIQtv3EFIqRAFw-i8uEbk55Z-_6d3ozmn-eNjsRjteM_rr1YkA11hArt9ujLOgZz9KZWAjmGk7nveI1bbVuvdGZEJHbhtWVmIfCBVEKgB10VCY86lcIajZnyFVsfUU2AeU7H3y-L8Ng%3D%3D&q=Rock+the+Treatment+Reviews&sa=X"
"google","company","Ci9DQUlRQUNvZENodHljRjlvT25waFVIZERkVEJpVEV4UVdEVjVMVE0zYUc1WmIyYxAB","","","5","L Nat","Local Guide·17 reviews·13 photos","https://www.google.com/maps/contrib/102897489455672541388/reviews?hl=en-US","9 months ago","","Beautiful basket- well thought out products and very fast delivery.","false","","Rock the Treatment (Owner)","9 months ago","❤️❤️ thank you very much. We appreciate you taking the time to share your thoughts. Blessings 🙏","company_level","https://www.google.com/search?sca_esv=5e6c1f1176e333b8&si=APenkKm7iecQ4G6P-TsbSMFKIQtv3EFIqRAFw-i8uEbk55Z-_6d3ozmn-eNjsRjteM_rr1YkA11hArt9ujLOgZz9KZWAjmGk7nveI1bbVuvdGZEJHbhtWVmIfCBVEKgB10VCY86lcIajZnyFVsfUU2AeU7H3y-L8Ng%3D%3D&q=Rock+the+Treatment+Reviews&sa=X"
"google","company","ChdDSUhNMG9nS0VJQ0FnSURwd3ZQYnZ3RRAB","","","5","Rener Morrow","5 reviews","https://www.google.com/maps/contrib/111806472046135207553/reviews?hl=en-US","2 years ago","","My Favorite Cousin loved it She really liked the Nausea pops. When you can't be there to help it gives me peace of mind.","false","","Rock the Treatment (Owner)","2 years ago","Rener, we are so happy to hear that your fav cousin loved receiving your gift and that the Queasy Pops helped!! We greatly appreciate you taking the time to share your thoughtful feedback. Blessings.","company_level","https://www.google.com/search?sca_esv=5e6c1f1176e333b8&si=APenkKm7iecQ4G6P-TsbSMFKIQtv3EFIqRAFw-i8uEbk55Z-_6d3ozmn-eNjsRjteM_rr1YkA11hArt9ujLOgZz9KZWAjmGk7nveI1bbVuvdGZEJHbhtWVmIfCBVEKgB10VCY86lcIajZnyFVsfUU2AeU7H3y-L8Ng%3D%3D&q=Rock+the+Treatment+Reviews&sa=X"
"google","company","ChdDSUhNMG9nS0VJQ0FnSURKcFpYLWpBRRAB","","","5","Felicia Gironda","Local Guide·119 reviews","https://www.google.com/maps/contrib/109199324836437191089/reviews?hl=en-US","3 years ago","","I purchased the basket for a dear friend and she was thrilled each item when it arrived!","false","","Rock the Treatment (Owner)","3 years ago","Felicia…we are SO happy to hear that!!! Thank you so much for taking the time to share. Blessings ❤️","company_level","https://www.google.com/search?sca_esv=5e6c1f1176e333b8&si=APenkKm7iecQ4G6P-TsbSMFKIQtv3EFIqRAFw-i8uEbk55Z-_6d3ozmn-eNjsRjteM_rr1YkA11hArt9ujLOgZz9KZWAjmGk7nveI1bbVuvdGZEJHbhtWVmIfCBVEKgB10VCY86lcIajZnyFVsfUU2AeU7H3y-L8Ng%3D%3D&q=Rock+the+Treatment+Reviews&sa=X"
"google","company","ChdDSUhNMG9nS0VJQ0FnSUN5emVIdjJnRRAB","","","2","Alexandra von Ausdall","2 reviews","https://www.google.com/maps/contrib/104452504627130936710/reviews?hl=en-US","5 years ago","","I was really disappointed when the gift arrived, it was much smaller than advertised - I could have purchased the same items for $25.00, instead of the $109.00. I think the product is highly over priced!","false","","Rock the Treatment (Owner)","5 years ago","Alexandra, we are so sorry that you were not satisfied with your purchase. The exact size and dimensions of the gift box and all of the products are listed and pictured on our website. Some of the items are specialized for cancer patients and are costly. Additionally, most gifts in this price range (for cancer and generally) contain 5-6 items. Ours contain 15 items as we want to provide comfort in all areas cancer patients need. Customer satisfaction is our top priority. Please feel free to contact us directly and we will be happy to discuss an amicable resolution.","company_level","https://www.google.com/search?sca_esv=5e6c1f1176e333b8&si=APenkKm7iecQ4G6P-TsbSMFKIQtv3EFIqRAFw-i8uEbk55Z-_6d3ozmn-eNjsRjteM_rr1YkA11hArt9ujLOgZz9KZWAjmGk7nveI1bbVuvdGZEJHbhtWVmIfCBVEKgB10VCY86lcIajZnyFVsfUU2AeU7H3y-L8Ng%3D%3D&q=Rock+the+Treatment+Reviews&sa=X"
"google","company","ChdDSUhNMG9nS0VJQ0FnSUMtc3J5TjVnRRAB","","","5","Stephanie Friberg","6 reviews","https://www.google.com/maps/contrib/103102795745521777928/reviews?hl=en-US","Edited 3 years ago","","This was the perfect care package to send to a friend. I didn't know this was out there until I started researching. She loved it. What a blessing.","false","","Rock the Treatment (Owner)","3 years ago","Stephanie, thank you! We are sad that you had the need to look for us. But very happy to be here when you needed us. Thank you so much for your lovely feedback. Blessings.","company_level","https://www.google.com/search?sca_esv=5e6c1f1176e333b8&si=APenkKm7iecQ4G6P-TsbSMFKIQtv3EFIqRAFw-i8uEbk55Z-_6d3ozmn-eNjsRjteM_rr1YkA11hArt9ujLOgZz9KZWAjmGk7nveI1bbVuvdGZEJHbhtWVmIfCBVEKgB10VCY86lcIajZnyFVsfUU2AeU7H3y-L8Ng%3D%3D&q=Rock+the+Treatment+Reviews&sa=X"
"google","company","ChdDSUhNMG9nS0VJQ0FnSUNhczZUUHh3RRAB","","","5","Cheryl Gulasa","Local Guide·31 reviews·7 photos","https://www.google.com/maps/contrib/100993515271418607092/reviews?hl=en-US","4 years ago","","Such a special gift for friend or family going through chemo treatment. I have ordered twice and have been so pleased.","false","","Rock the Treatment (Owner)","4 years ago","Cheryl, we are so glad to hear that you have been pleased, but sorry that you had the need to order twice. We long for a day that we don’t have to send any other baskets like this. Thank you for taking the time to share your thoughts. Many blessings.","company_product_unspecified","https://www.google.com/search?sca_esv=5e6c1f1176e333b8&si=APenkKm7iecQ4G6P-TsbSMFKIQtv3EFIqRAFw-i8uEbk55Z-_6d3ozmn-eNjsRjteM_rr1YkA11hArt9ujLOgZz9KZWAjmGk7nveI1bbVuvdGZEJHbhtWVmIfCBVEKgB10VCY86lcIajZnyFVsfUU2AeU7H3y-L8Ng%3D%3D&q=Rock+the+Treatment+Reviews&sa=X"
"google","company","ChRDSUhNMG9nS0VJQ0FnSUQ1eHQ5NhAB","","","5","Melissa Johnson","Local Guide·16 reviews","https://www.google.com/maps/contrib/110778955199378326512/reviews?hl=en-US","2 years ago","","I loved that I received a rock the treatment box and decided that every person deserves some ❤️ love with a box!!!!!","false","","Rock the Treatment (Owner)","2 years ago","Melissa, we are so happy that you loved receiving your RTT gift!! Thank you so much for taking the time so share. Many Blessings.","company_product_unspecified","https://www.google.com/search?sca_esv=5e6c1f1176e333b8&si=APenkKm7iecQ4G6P-TsbSMFKIQtv3EFIqRAFw-i8uEbk55Z-_6d3ozmn-eNjsRjteM_rr1YkA11hArt9ujLOgZz9KZWAjmGk7nveI1bbVuvdGZEJHbhtWVmIfCBVEKgB10VCY86lcIajZnyFVsfUU2AeU7H3y-L8Ng%3D%3D&q=Rock+the+Treatment+Reviews&sa=X"
"google","company","ChZDSUhNMG9nS0VJQ0FnSUNhbWFlaVdnEAE","","","5","Drew D","6 reviews","https://www.google.com/maps/contrib/109034167256927202183/reviews?hl=en-US","4 years ago","","Fantastic - Mom loved the gift. Got a nice email from them as well, which was an added personal touch.","false","","Rock the Treatment (Owner)","4 years ago","Thank you so much for the kind words Drew. We are so happy to hear that your mom loved your gift. Wishing her and your family many blessings.","company_level","https://www.google.com/search?sca_esv=5e6c1f1176e333b8&si=APenkKm7iecQ4G6P-TsbSMFKIQtv3EFIqRAFw-i8uEbk55Z-_6d3ozmn-eNjsRjteM_rr1YkA11hArt9ujLOgZz9KZWAjmGk7nveI1bbVuvdGZEJHbhtWVmIfCBVEKgB10VCY86lcIajZnyFVsfUU2AeU7H3y-L8Ng%3D%3D&q=Rock+the+Treatment+Reviews&sa=X"
"google","company","ChdDSUhNMG9nS0VJQ0FnSUNhaVlHNzVnRRAB","","","5","Jeremy Grant","Local Guide·12 reviews·6 photos","https://www.google.com/maps/contrib/110664853070482804510/reviews?hl=en-US","4 years ago","","Absolutely amazing customer service. Stacy reached out directly after we purchased our basket hoping our friends gets well soon!","false","","Rock the Treatment (Owner)","4 years ago","Jeremy, thank you so much for taking the time to share your thoughts. We hope your gift brought some joy and comfort during a difficult time. Many blessings 🙏","company_level","https://www.google.com/search?sca_esv=5e6c1f1176e333b8&si=APenkKm7iecQ4G6P-TsbSMFKIQtv3EFIqRAFw-i8uEbk55Z-_6d3ozmn-eNjsRjteM_rr1YkA11hArt9ujLOgZz9KZWAjmGk7nveI1bbVuvdGZEJHbhtWVmIfCBVEKgB10VCY86lcIajZnyFVsfUU2AeU7H3y-L8Ng%3D%3D&q=Rock+the+Treatment+Reviews&sa=X"
"google","company","ChdDSUhNMG9nS0VJQ0FnSUQyd2JTODN3RRAB","","","5","Kent Bridgeman","1 review","https://www.google.com/maps/contrib/113944647872292370286/reviews?hl=en-US","4 years ago","","Sent to my auntie who's undergoing chemo. She said ""It's a great basket because it really hits all the stuff folks on chemo go through, nausea, boredom, cold, all of it!""","false","","Rock the Treatment (Owner)","4 years ago","Kent, We are so happy to hear that your Auntie loved your gift!! Thank you so much for sharing your lovely thoughts. Blessings.","possible_women_package","https://www.google.com/search?sca_esv=5e6c1f1176e333b8&si=APenkKm7iecQ4G6P-TsbSMFKIQtv3EFIqRAFw-i8uEbk55Z-_6d3ozmn-eNjsRjteM_rr1YkA11hArt9ujLOgZz9KZWAjmGk7nveI1bbVuvdGZEJHbhtWVmIfCBVEKgB10VCY86lcIajZnyFVsfUU2AeU7H3y-L8Ng%3D%3D&q=Rock+the+Treatment+Reviews&sa=X"
"google","company","ChdDSUhNMG9nS0VJQ0FnSUNpOFp5WC1BRRAB","","","5","Ernest Wilkes","10 reviews","https://www.google.com/maps/contrib/108436138821620230475/reviews?hl=en-US","5 years ago","","I ordered this for a family member out of town, and it was much appreciated. I was glad to see that a friend had ordered one of the boxes for her sibling.","false","","Rock the Treatment (Owner)","5 years ago","Patricia, we appreciate you taking the time to share your thoughts. We are so happy your family member enjoyed your gift. Many blessings and be safe.","company_level","https://www.google.com/search?sca_esv=5e6c1f1176e333b8&si=APenkKm7iecQ4G6P-TsbSMFKIQtv3EFIqRAFw-i8uEbk55Z-_6d3ozmn-eNjsRjteM_rr1YkA11hArt9ujLOgZz9KZWAjmGk7nveI1bbVuvdGZEJHbhtWVmIfCBVEKgB10VCY86lcIajZnyFVsfUU2AeU7H3y-L8Ng%3D%3D&q=Rock+the+Treatment+Reviews&sa=X"
"google","company","ChZDSUhNMG9nS0VJQ0FnSURodmRubFJREAE","","","5","Kristianna Nelson","4 reviews","https://www.google.com/maps/contrib/104799529156327655947/reviews?hl=en-US","3 years ago","","The box shipped to my family member so quickly! I also appreciated the personal note from the the company - so kind!","false","","Rock the Treatment (Owner)","3 years ago","Thank you so much Kristianna. We are so happy to hear that you are pleased and hope your gift brought some smiles and comfort. We wish you and your familly member many blessings.","company_level","https://www.google.com/search?sca_esv=5e6c1f1176e333b8&si=APenkKm7iecQ4G6P-TsbSMFKIQtv3EFIqRAFw-i8uEbk55Z-_6d3ozmn-eNjsRjteM_rr1YkA11hArt9ujLOgZz9KZWAjmGk7nveI1bbVuvdGZEJHbhtWVmIfCBVEKgB10VCY86lcIajZnyFVsfUU2AeU7H3y-L8Ng%3D%3D&q=Rock+the+Treatment+Reviews&sa=X"
"google","company","ChdDSUhNMG9nS0VJQ0FnSURjeU9xbzB3RRAB","","","5","Audra Uhlig","13 reviews","https://www.google.com/maps/contrib/103163538919336953756/reviews?hl=en-US","6 years ago","","Sent this to a friend starting Chemo treatments! She was very appreciative and said the box had everything she needs and loves!!","false","","Rock the Treatment (Owner)","6 years ago","Audra, we are so glad that your friend liked all of the items in her basket and found it helpful. Thank you for taking the time to share your feedback!! Many blessings.","possible_women_package","https://www.google.com/search?sca_esv=5e6c1f1176e333b8&si=APenkKm7iecQ4G6P-TsbSMFKIQtv3EFIqRAFw-i8uEbk55Z-_6d3ozmn-eNjsRjteM_rr1YkA11hArt9ujLOgZz9KZWAjmGk7nveI1bbVuvdGZEJHbhtWVmIfCBVEKgB10VCY86lcIajZnyFVsfUU2AeU7H3y-L8Ng%3D%3D&q=Rock+the+Treatment+Reviews&sa=X"
"google","company","ChZDSUhNMG9nS0VJQ0FnSUNpd0luSUh3EAE","","","5","Mary Wray","4 reviews","https://www.google.com/maps/contrib/102218467893588410988/reviews?hl=en-US","5 years ago","","I bought this for my oldest sister that is currently going through chemo. She loves it, it has a lot of things she needed!Thank you!!!","false","","Rock the Treatment (Owner)","5 years ago","Mary, we are so glad that your sister found the items in the basket to be useful. We wish her and your family many blessings. Thank you for taking the time to share your thoughts. Be safe.","company_level","https://www.google.com/search?sca_esv=5e6c1f1176e333b8&si=APenkKm7iecQ4G6P-TsbSMFKIQtv3EFIqRAFw-i8uEbk55Z-_6d3ozmn-eNjsRjteM_rr1YkA11hArt9ujLOgZz9KZWAjmGk7nveI1bbVuvdGZEJHbhtWVmIfCBVEKgB10VCY86lcIajZnyFVsfUU2AeU7H3y-L8Ng%3D%3D&q=Rock+the+Treatment+Reviews&sa=X"
"google","company","ChdDSUhNMG9nS0VJQ0FnSUNfcHNLWXdRRRAB","","","5","Shawn Benge","5 reviews","https://www.google.com/maps/contrib/106522999159886720092/reviews?hl=en-US","a year ago","","My coworker loved the Rock the Treatment box. Well done!","false","","Rock the Treatment (Owner)","a year ago","SO glad to hear!! Thank you so much for taking the time to share your feedback. Blessings.","company_product_unspecified","https://www.google.com/search?sca_esv=5e6c1f1176e333b8&si=APenkKm7iecQ4G6P-TsbSMFKIQtv3EFIqRAFw-i8uEbk55Z-_6d3ozmn-eNjsRjteM_rr1YkA11hArt9ujLOgZz9KZWAjmGk7nveI1bbVuvdGZEJHbhtWVmIfCBVEKgB10VCY86lcIajZnyFVsfUU2AeU7H3y-L8Ng%3D%3D&q=Rock+the+Treatment+Reviews&sa=X"
"google","company","ChdDSUhNMG9nS0VJQ0FnSUNHcmFyQW5nRRAB","","","5","Don Polly","Local Guide·20 reviews·2 photos","https://www.google.com/maps/contrib/100112435658678476249/reviews?hl=en-US","4 years ago","","My friend really appreciated the basket from Rock the Treatment.I think it was a could choice with useful items for body & mind.","false","","Rock the Treatment (Owner)","4 years ago","Thank you so much for the kind words Don. We are happy to hear that your friend appreciated your gift. Wishing you and your friend blessings.","company_product_unspecified","https://www.google.com/search?sca_esv=5e6c1f1176e333b8&si=APenkKm7iecQ4G6P-TsbSMFKIQtv3EFIqRAFw-i8uEbk55Z-_6d3ozmn-eNjsRjteM_rr1YkA11hArt9ujLOgZz9KZWAjmGk7nveI1bbVuvdGZEJHbhtWVmIfCBVEKgB10VCY86lcIajZnyFVsfUU2AeU7H3y-L8Ng%3D%3D&q=Rock+the+Treatment+Reviews&sa=X"
"google","company","ChdDSUhNMG9nS0VJQ0FnSURXNm9QSnVnRRAB","","","5","Surface Prep Tech","1 review","https://www.google.com/maps/contrib/100928985408731087410/reviews?hl=en-US","4 years ago","","I ordered this for my brother who was recently diagnosed with stage 4 lung cancer. He loved it and cried when he opened the box and read the message.","false","","Rock the Treatment (Owner)","4 years ago","We are so sorry to hear about your brother and pray for a day where we never have to send another basket like this. We are happy to hear that your gift brought him joy during a very difficult time. We deeply appreciate you taking the time to share your thoughts. Wishing your brother and family many blessings.","company_product_unspecified","https://www.google.com/search?sca_esv=5e6c1f1176e333b8&si=APenkKm7iecQ4G6P-TsbSMFKIQtv3EFIqRAFw-i8uEbk55Z-_6d3ozmn-eNjsRjteM_rr1YkA11hArt9ujLOgZz9KZWAjmGk7nveI1bbVuvdGZEJHbhtWVmIfCBVEKgB10VCY86lcIajZnyFVsfUU2AeU7H3y-L8Ng%3D%3D&q=Rock+the+Treatment+Reviews&sa=X"
"google","company","ChdDSUhNMG9nS0VJQ0FnSURHOTVuYXF3RRAB","","","5","Bill Blanck","14 reviews·2 photos","https://www.google.com/maps/contrib/106866604451232216454/reviews?hl=en-US","4 years ago","","My sister loved it. Contents are above par, a true value. Comforting, supportive, and most important, greatly appreciated!","false","","Rock the Treatment (Owner)","4 years ago","Bill, we are so happy to hear that your sister loved your gift. Thank you so much for your lovely feedback. Many blessings to you all.","company_level","https://www.google.com/search?sca_esv=5e6c1f1176e333b8&si=APenkKm7iecQ4G6P-TsbSMFKIQtv3EFIqRAFw-i8uEbk55Z-_6d3ozmn-eNjsRjteM_rr1YkA11hArt9ujLOgZz9KZWAjmGk7nveI1bbVuvdGZEJHbhtWVmIfCBVEKgB10VCY86lcIajZnyFVsfUU2AeU7H3y-L8Ng%3D%3D&q=Rock+the+Treatment+Reviews&sa=X"
"google","company","ChdDSUhNMG9nS0VJQ0FnSUNzOXZqTXVRRRAB","","","5","Elaine Gunzl","1 review","https://www.google.com/maps/contrib/118245419933315170178/reviews?hl=en-US","6 years ago","","I bought this for a family member who just started chemo and the response from him was ""it has everything."" Thanks you for putting together amazing packages for everyone","false","","Rock the Treatment (Owner)","6 years ago","Elaine, thank you for taking the time to provide a review. We are so happy that your family member found your gift helpful!! Many blessings!!","company_level","https://www.google.com/search?sca_esv=5e6c1f1176e333b8&si=APenkKm7iecQ4G6P-TsbSMFKIQtv3EFIqRAFw-i8uEbk55Z-_6d3ozmn-eNjsRjteM_rr1YkA11hArt9ujLOgZz9KZWAjmGk7nveI1bbVuvdGZEJHbhtWVmIfCBVEKgB10VCY86lcIajZnyFVsfUU2AeU7H3y-L8Ng%3D%3D&q=Rock+the+Treatment+Reviews&sa=X"
"google","company","ChZDSUhNMG9nS0VJQ0FnSUNjM2ZPTVZREAE","","","5","Pamela Buckley","5 reviews","https://www.google.com/maps/contrib/103004391045387611721/reviews?hl=en-US","6 years ago","","Great gift and great experience for my friend going through chemo. Highly recommend! Thank you!","false","","Rock the Treatment (Owner)","6 years ago","Thank you Pamela.","company_product_unspecified","https://www.google.com/search?sca_esv=5e6c1f1176e333b8&si=APenkKm7iecQ4G6P-TsbSMFKIQtv3EFIqRAFw-i8uEbk55Z-_6d3ozmn-eNjsRjteM_rr1YkA11hArt9ujLOgZz9KZWAjmGk7nveI1bbVuvdGZEJHbhtWVmIfCBVEKgB10VCY86lcIajZnyFVsfUU2AeU7H3y-L8Ng%3D%3D&q=Rock+the+Treatment+Reviews&sa=X"
"google","company","ChdDSUhNMG9nS0VJQ0FnSURMNTRYWWt3RRAB","","","2","Rhonda Kamen","8 reviews","https://www.google.com/maps/contrib/111151534524873776254/reviews?hl=en-US","2 years ago","","Loved the concept! The box was disappointing. Much smaller than expected.","false","","Rock the Treatment (Owner)","2 years ago","Rhonda, we are so sorry you were not 100% happy with your purchase. Please reach out to us directly so we can attempt to improve your experience.","company_level","https://www.google.com/search?sca_esv=5e6c1f1176e333b8&si=APenkKm7iecQ4G6P-TsbSMFKIQtv3EFIqRAFw-i8uEbk55Z-_6d3ozmn-eNjsRjteM_rr1YkA11hArt9ujLOgZz9KZWAjmGk7nveI1bbVuvdGZEJHbhtWVmIfCBVEKgB10VCY86lcIajZnyFVsfUU2AeU7H3y-L8Ng%3D%3D&q=Rock+the+Treatment+Reviews&sa=X"
"google","company","ChdDSUhNMG9nS0VJQ0FnSUNpa2Rlel9BRRAB","","","5","Meredith Hill","3 reviews","https://www.google.com/maps/contrib/104224798950310925999/reviews?hl=en-US","5 years ago","","Amazing customer service!My friend said, “the basket is amazing and I use everything in it.”","false","","Rock the Treatment (Owner)","5 years ago","Meredith, we are so glad the gift was well received. Thank you for sharing. Be safe!","company_level","https://www.google.com/search?sca_esv=5e6c1f1176e333b8&si=APenkKm7iecQ4G6P-TsbSMFKIQtv3EFIqRAFw-i8uEbk55Z-_6d3ozmn-eNjsRjteM_rr1YkA11hArt9ujLOgZz9KZWAjmGk7nveI1bbVuvdGZEJHbhtWVmIfCBVEKgB10VCY86lcIajZnyFVsfUU2AeU7H3y-L8Ng%3D%3D&q=Rock+the+Treatment+Reviews&sa=X"
"google","company","ChZDSUhNMG9nS0VJQ0FnSUN5d2FYdll3EAE","","","5","Vivian Connolly","Local Guide·19 reviews·1 photo","https://www.google.com/maps/contrib/113233411625205683002/reviews?hl=en-US","5 years ago","","Such a thoughtful package for a dear friend going through chemo. Thank you for the ""just right"" gift.","false","","Rock the Treatment (Owner)","5 years ago","Vivian, thank you so much for sharing your thoughts. We are so happy that your dear friend enjoyed receiving your gift. We hope it brings some comfort and relief as well. Many blessings.","company_product_unspecified","https://www.google.com/search?sca_esv=5e6c1f1176e333b8&si=APenkKm7iecQ4G6P-TsbSMFKIQtv3EFIqRAFw-i8uEbk55Z-_6d3ozmn-eNjsRjteM_rr1YkA11hArt9ujLOgZz9KZWAjmGk7nveI1bbVuvdGZEJHbhtWVmIfCBVEKgB10VCY86lcIajZnyFVsfUU2AeU7H3y-L8Ng%3D%3D&q=Rock+the+Treatment+Reviews&sa=X"
"google","company","ChZDSUhNMG9nS0VJQ0FnSUN2M2RpNUh3EAE","","","5","lighting socal","4 reviews","https://www.google.com/maps/contrib/104203144705248011873/reviews?hl=en-US","a year ago","","Great gift for cancer patients. Great Customer Service too.","false","","Rock the Treatment (Owner)","a year ago","Dana, Thank you. We appreciate you taking the time to share your feedback. Blessings.","company_product_unspecified","https://www.google.com/search?sca_esv=5e6c1f1176e333b8&si=APenkKm7iecQ4G6P-TsbSMFKIQtv3EFIqRAFw-i8uEbk55Z-_6d3ozmn-eNjsRjteM_rr1YkA11hArt9ujLOgZz9KZWAjmGk7nveI1bbVuvdGZEJHbhtWVmIfCBVEKgB10VCY86lcIajZnyFVsfUU2AeU7H3y-L8Ng%3D%3D&q=Rock+the+Treatment+Reviews&sa=X"
"google","company","ChdDSUhNMG9nS0VJQ0FnSUQwdE9PNDZBRRAB","","","5","Wendy Luck","Local Guide·189 reviews·200 photos","https://www.google.com/maps/contrib/102691512036992290296/reviews?hl=en-US","6 years ago","","Such a wonderful gift and the customer service is truly wonderful. So grateful for the good work. 💕","false","","Rock the Treatment (Owner)","6 years ago","Wendy, thank you so much for the kind words. Many blessings!!","company_level","https://www.google.com/search?sca_esv=5e6c1f1176e333b8&si=APenkKm7iecQ4G6P-TsbSMFKIQtv3EFIqRAFw-i8uEbk55Z-_6d3ozmn-eNjsRjteM_rr1YkA11hArt9ujLOgZz9KZWAjmGk7nveI1bbVuvdGZEJHbhtWVmIfCBVEKgB10VCY86lcIajZnyFVsfUU2AeU7H3y-L8Ng%3D%3D&q=Rock+the+Treatment+Reviews&sa=X"
"google","company","Ci9DQUlRQUNvZENodHljRjlvT201SmJFbEhWa2x2WjBjMGEyWmlaRmd3UkVSRmFHYxAB","","","5","Judy Walker","5 reviews","https://www.google.com/maps/contrib/102643950524634581919/reviews?hl=en-US","7 months ago","","GREAT PRODUCT TO HELP PATIENTS","false","","Rock the Treatment (Owner)","7 months ago","❤️❤️ thank you!! We appreciate you taking the time to share. Blessings 🙏","company_level","https://www.google.com/search?sca_esv=5e6c1f1176e333b8&si=APenkKm7iecQ4G6P-TsbSMFKIQtv3EFIqRAFw-i8uEbk55Z-_6d3ozmn-eNjsRjteM_rr1YkA11hArt9ujLOgZz9KZWAjmGk7nveI1bbVuvdGZEJHbhtWVmIfCBVEKgB10VCY86lcIajZnyFVsfUU2AeU7H3y-L8Ng%3D%3D&q=Rock+the+Treatment+Reviews&sa=X"
"google","company","ChZDSUhNMG9nS0VJQ0FnSURQc00yeVNBEAE","","","5","Amanda Elder","1 review","https://www.google.com/maps/contrib/108499683204861306347/reviews?hl=en-US","a year ago","","This package brought a much needed smile to our friend's face!","false","","Rock the Treatment (Owner)","a year ago","Amanda, hearing that makes our heart smile.❤️😊. Thank you so much for sharing.","company_level","https://www.google.com/search?sca_esv=5e6c1f1176e333b8&si=APenkKm7iecQ4G6P-TsbSMFKIQtv3EFIqRAFw-i8uEbk55Z-_6d3ozmn-eNjsRjteM_rr1YkA11hArt9ujLOgZz9KZWAjmGk7nveI1bbVuvdGZEJHbhtWVmIfCBVEKgB10VCY86lcIajZnyFVsfUU2AeU7H3y-L8Ng%3D%3D&q=Rock+the+Treatment+Reviews&sa=X"
"google","company","ChdDSUhNMG9nS0VJQ0FnSUROb1BDUzJBRRAB","","","5","Linda Saarela","9 reviews","https://www.google.com/maps/contrib/114454316304435185615/reviews?hl=en-US","2 years ago","","Beautiful, thoughtful gift for loved ones going through one of the most difficult life challenges.","false","","Rock the Treatment (Owner)","2 years ago","Thank you!! We are so thrilled that you were happy with the cancer care package. Blessings.","company_level","https://www.google.com/search?sca_esv=5e6c1f1176e333b8&si=APenkKm7iecQ4G6P-TsbSMFKIQtv3EFIqRAFw-i8uEbk55Z-_6d3ozmn-eNjsRjteM_rr1YkA11hArt9ujLOgZz9KZWAjmGk7nveI1bbVuvdGZEJHbhtWVmIfCBVEKgB10VCY86lcIajZnyFVsfUU2AeU7H3y-L8Ng%3D%3D&q=Rock+the+Treatment+Reviews&sa=X"
"google","company","ChZDSUhNMG9nS0VJQ0FnSUNDMmZ2NExREAE","","","5","David R","8 reviews·4 photos","https://www.google.com/maps/contrib/113647657985392071551/reviews?hl=en-US","5 years ago","","Absolutely the best gift that I could have given her.A quality package.","false","","Rock the Treatment (Owner)","5 years ago","Thank you so much David. We are so happy that you were happy. We appreciate you taking the time to share. Be safe!","company_level","https://www.google.com/search?sca_esv=5e6c1f1176e333b8&si=APenkKm7iecQ4G6P-TsbSMFKIQtv3EFIqRAFw-i8uEbk55Z-_6d3ozmn-eNjsRjteM_rr1YkA11hArt9ujLOgZz9KZWAjmGk7nveI1bbVuvdGZEJHbhtWVmIfCBVEKgB10VCY86lcIajZnyFVsfUU2AeU7H3y-L8Ng%3D%3D&q=Rock+the+Treatment+Reviews&sa=X"
"google","company","ChZDSUhNMG9nS0VJQ0FnSURTdGVINmJnEAE","","","5","Nicole Pagan","5 reviews","https://www.google.com/maps/contrib/114278203121489866170/reviews?hl=en-US","5 years ago","","You are in good hands with this company. Incredibly thoughtful and helpful gifts and very attentive staff.","false","","Rock the Treatment (Owner)","5 years ago","Nicole, thank you so much for the kind feedback. We do our very best. Be safe and many blessings.","company_level","https://www.google.com/search?sca_esv=5e6c1f1176e333b8&si=APenkKm7iecQ4G6P-TsbSMFKIQtv3EFIqRAFw-i8uEbk55Z-_6d3ozmn-eNjsRjteM_rr1YkA11hArt9ujLOgZz9KZWAjmGk7nveI1bbVuvdGZEJHbhtWVmIfCBVEKgB10VCY86lcIajZnyFVsfUU2AeU7H3y-L8Ng%3D%3D&q=Rock+the+Treatment+Reviews&sa=X"
"google","company","Ci9DQUlRQUNvZENodHljRjlvT2pWYU9VZFBOMjVsVkdRdGNWVnZaRzF0V2xJeFNsRRAB","","","5","Linda VanLaarhoven","4 reviews","https://www.google.com/maps/contrib/112693411575300335982/reviews?hl=en-US","10 months ago","","Amazing company!! Recommend them highly!!","false","","Rock the Treatment (Owner)","10 months ago","AW.....thank you so much Linda. We deeply appreciate you taking the time to share your thoughts. Blessings.","company_level","https://www.google.com/search?sca_esv=5e6c1f1176e333b8&si=APenkKm7iecQ4G6P-TsbSMFKIQtv3EFIqRAFw-i8uEbk55Z-_6d3ozmn-eNjsRjteM_rr1YkA11hArt9ujLOgZz9KZWAjmGk7nveI1bbVuvdGZEJHbhtWVmIfCBVEKgB10VCY86lcIajZnyFVsfUU2AeU7H3y-L8Ng%3D%3D&q=Rock+the+Treatment+Reviews&sa=X"
"google","company","ChdDSUhNMG9nS0VJQ0FnSUNKMTV2NW9nRRAB","","","5","Dawn Madigan","8 reviews·2 photos","https://www.google.com/maps/contrib/116803953544228017156/reviews?hl=en-US","3 years ago","","Excellent package for someone special going through a difficult time! Service was also awesome!","false","","Rock the Treatment (Owner)","3 years ago","Dawn, Thank you so much for taking the time to share your lovely feedback. We truly appreciate it. Blessings.","company_level","https://www.google.com/search?sca_esv=5e6c1f1176e333b8&si=APenkKm7iecQ4G6P-TsbSMFKIQtv3EFIqRAFw-i8uEbk55Z-_6d3ozmn-eNjsRjteM_rr1YkA11hArt9ujLOgZz9KZWAjmGk7nveI1bbVuvdGZEJHbhtWVmIfCBVEKgB10VCY86lcIajZnyFVsfUU2AeU7H3y-L8Ng%3D%3D&q=Rock+the+Treatment+Reviews&sa=X"
"google","company","ChdDSUhNMG9nS0VJQ0FnSUQzemZDQXRRRRAB","","","5","Weather McGraw","Local Guide·18 reviews","https://www.google.com/maps/contrib/111785816573967075543/reviews?hl=en-US","a year ago","","Recipient loved the care package!","false","","Rock the Treatment (Owner)","a year ago","We are so glad to hear!!!❤️","company_level","https://www.google.com/search?sca_esv=5e6c1f1176e333b8&si=APenkKm7iecQ4G6P-TsbSMFKIQtv3EFIqRAFw-i8uEbk55Z-_6d3ozmn-eNjsRjteM_rr1YkA11hArt9ujLOgZz9KZWAjmGk7nveI1bbVuvdGZEJHbhtWVmIfCBVEKgB10VCY86lcIajZnyFVsfUU2AeU7H3y-L8Ng%3D%3D&q=Rock+the+Treatment+Reviews&sa=X"
"google","company","ChZDSUhNMG9nS0VJQ0FnSUM4MlBMVUxBEAE","","","5","Nancy Burnett","9 reviews","https://www.google.com/maps/contrib/109169341529247902317/reviews?hl=en-US","6 years ago","","Amazing! Best customer service and my dad loved it!","false","","Rock the Treatment (Owner)","6 years ago","Nancy, thank you!! We are so happy that your dad loved his gift. Many prayers and blessings!","company_level","https://www.google.com/search?sca_esv=5e6c1f1176e333b8&si=APenkKm7iecQ4G6P-TsbSMFKIQtv3EFIqRAFw-i8uEbk55Z-_6d3ozmn-eNjsRjteM_rr1YkA11hArt9ujLOgZz9KZWAjmGk7nveI1bbVuvdGZEJHbhtWVmIfCBVEKgB10VCY86lcIajZnyFVsfUU2AeU7H3y-L8Ng%3D%3D&q=Rock+the+Treatment+Reviews&sa=X"
"google","company","ChZDSUhNMG9nS0VJQ0FnSURNd1lQQkx3EAE","","","5","Maria","10 reviews·3 photos","https://www.google.com/maps/contrib/110449134883765447733/reviews?hl=en-US","6 years ago","","She loved it! Thank you!","false","","Rock the Treatment (Owner)","6 years ago","Maria, we are so glad! Many blessings.","company_level","https://www.google.com/search?sca_esv=5e6c1f1176e333b8&si=APenkKm7iecQ4G6P-TsbSMFKIQtv3EFIqRAFw-i8uEbk55Z-_6d3ozmn-eNjsRjteM_rr1YkA11hArt9ujLOgZz9KZWAjmGk7nveI1bbVuvdGZEJHbhtWVmIfCBVEKgB10VCY86lcIajZnyFVsfUU2AeU7H3y-L8Ng%3D%3D&q=Rock+the+Treatment+Reviews&sa=X"
"google","company","ChdDSUhNMG9nS0VJQ0FnSURSMVBtcnVnRRAB","","","5","Lynne Winter","Local Guide·33 reviews·15 photos","https://www.google.com/maps/contrib/111682840953812137008/reviews?hl=en-US","3 years ago","","This was a gift, excellent products!!","false","","Rock the Treatment (Owner)","3 years ago","❤️❤️ thank you!","company_level","https://www.google.com/search?sca_esv=5e6c1f1176e333b8&si=APenkKm7iecQ4G6P-TsbSMFKIQtv3EFIqRAFw-i8uEbk55Z-_6d3ozmn-eNjsRjteM_rr1YkA11hArt9ujLOgZz9KZWAjmGk7nveI1bbVuvdGZEJHbhtWVmIfCBVEKgB10VCY86lcIajZnyFVsfUU2AeU7H3y-L8Ng%3D%3D&q=Rock+the+Treatment+Reviews&sa=X"
"google","company","ChZDSUhNMG9nS0VJQ0FnSURCcnJ5cVpBEAE","","","5","Mary Ann Dugan","12 reviews","https://www.google.com/maps/contrib/101879428576874248194/reviews?hl=en-US","3 years ago","","Great company, beautiful products, caring employees","false","","Rock the Treatment (Owner)","3 years ago","Mary Ann, Thank you so much. It is very kind of you to say. We do our best to make difficult situations as easy and comforting as possible. We appreciate you taking the time to share your thoughts. Blessings.","company_level","https://www.google.com/search?sca_esv=5e6c1f1176e333b8&si=APenkKm7iecQ4G6P-TsbSMFKIQtv3EFIqRAFw-i8uEbk55Z-_6d3ozmn-eNjsRjteM_rr1YkA11hArt9ujLOgZz9KZWAjmGk7nveI1bbVuvdGZEJHbhtWVmIfCBVEKgB10VCY86lcIajZnyFVsfUU2AeU7H3y-L8Ng%3D%3D&q=Rock+the+Treatment+Reviews&sa=X"
"google","company","ChdDSUhNMG9nS0VJQ0FnSURHOXJmZnBBRRAB","","","5","Brooke Potter","5 reviews·3 photos","https://www.google.com/maps/contrib/105332977020486316927/reviews?hl=en-US","4 years ago","","The box was a greatly appreciated hit!","false","","Rock the Treatment (Owner)","4 years ago","So glad to hear. Thank you!!!","company_level","https://www.google.com/search?sca_esv=5e6c1f1176e333b8&si=APenkKm7iecQ4G6P-TsbSMFKIQtv3EFIqRAFw-i8uEbk55Z-_6d3ozmn-eNjsRjteM_rr1YkA11hArt9ujLOgZz9KZWAjmGk7nveI1bbVuvdGZEJHbhtWVmIfCBVEKgB10VCY86lcIajZnyFVsfUU2AeU7H3y-L8Ng%3D%3D&q=Rock+the+Treatment+Reviews&sa=X"
"google","company","ChdDSUhNMG9nS0VJQ0FnSURoNXBxUDJ3RRAB","","","5","Kimberly Lawal","Local Guide·52 reviews·16 photos","https://www.google.com/maps/contrib/109542146503754030809/reviews?hl=en-US","3 years ago","","Family loved the box !","false","","Rock the Treatment (Owner)","3 years ago","We are so happy!!! Thank you for letting us know. Blessings.","company_level","https://www.google.com/search?sca_esv=5e6c1f1176e333b8&si=APenkKm7iecQ4G6P-TsbSMFKIQtv3EFIqRAFw-i8uEbk55Z-_6d3ozmn-eNjsRjteM_rr1YkA11hArt9ujLOgZz9KZWAjmGk7nveI1bbVuvdGZEJHbhtWVmIfCBVEKgB10VCY86lcIajZnyFVsfUU2AeU7H3y-L8Ng%3D%3D&q=Rock+the+Treatment+Reviews&sa=X"
"google","company","ChZDSUhNMG9nS0VJQ0FnSURpdnNPZ2R3EAE","","","5","Cristina Vasile","8 reviews","https://www.google.com/maps/contrib/110224702776854160801/reviews?hl=en-US","5 years ago","","She loved it!","false","","Rock the Treatment (Owner)","5 years ago","💙❤️","company_level","https://www.google.com/search?sca_esv=5e6c1f1176e333b8&si=APenkKm7iecQ4G6P-TsbSMFKIQtv3EFIqRAFw-i8uEbk55Z-_6d3ozmn-eNjsRjteM_rr1YkA11hArt9ujLOgZz9KZWAjmGk7nveI1bbVuvdGZEJHbhtWVmIfCBVEKgB10VCY86lcIajZnyFVsfUU2AeU7H3y-L8Ng%3D%3D&q=Rock+the+Treatment+Reviews&sa=X"
"google","company","Ci9DQUlRQUNvZENodHljRjlvT25jMlFtZFNWVmxCVGs5VFdWOXBjRFZVYW5sb1lWRRAB","","","5","noreen noone","4 reviews","https://www.google.com/maps/contrib/101807055995723119019/reviews?hl=en-US","a week ago","","I have bought 3 of those chemo baskets to date for 3 female friends .We all loved them . My friends all received them in good time . Their responses were , “we could do without them “. Packed so beautifully with all the right stuff needed on treatment days . I can’t give enough praise to the ladies at “Rock the treatment “They are angels . So caring, efficient and went the extra mile each time .I’m forever greatful . Noreen Noone .","false","","Rock the Treatment (Owner)","a week ago","Thank you so much, Noreen. Your kind words truly mean the world to us. We're so grateful you chose Rock the Treatment to support your friends during such a difficult time. It means everything to know our care packages brought them comfort. Thank you for trusting us.","company_level","https://www.google.com/search?sca_esv=5e6c1f1176e333b8&si=APenkKm7iecQ4G6P-TsbSMFKIQtv3EFIqRAFw-i8uEbk55Z-_6d3ozmn-eNjsRjteM_rr1YkA11hArt9ujLOgZz9KZWAjmGk7nveI1bbVuvdGZEJHbhtWVmIfCBVEKgB10VCY86lcIajZnyFVsfUU2AeU7H3y-L8Ng%3D%3D&q=Rock+the+Treatment+Reviews&sa=X"
"google","company","Ci9DQUlRQUNvZENodHljRjlvT201VU1qZHVORUkwYVZKdk1reE1kWEk1YmxwYU1VRRAB","","","5","Addison Parker","Local Guide·15 reviews","https://www.google.com/maps/contrib/115185814225700023205/reviews?hl=en-US","a week ago","","My friend especially loved doing the puzzles in the hospital. He said it was all ""useful.""","false","","Rock the Treatment (Owner)","a week ago","Addison, we are so happy to hear!! We hope your gift brought some comfort. Thank you for taking the time to share your feedback. Blessings.","company_level","https://www.google.com/search?sca_esv=5e6c1f1176e333b8&si=APenkKm7iecQ4G6P-TsbSMFKIQtv3EFIqRAFw-i8uEbk55Z-_6d3ozmn-eNjsRjteM_rr1YkA11hArt9ujLOgZz9KZWAjmGk7nveI1bbVuvdGZEJHbhtWVmIfCBVEKgB10VCY86lcIajZnyFVsfUU2AeU7H3y-L8Ng%3D%3D&q=Rock+the+Treatment+Reviews&sa=X"
"google","company","Ci9DQUlRQUNvZENodHljRjlvT25aRllYTkRTVXBhVms1aWRXTnBSbTh6YW5GSmFrRRAB","","","5","Cyndi Schardt","10 reviews·1 photo","https://www.google.com/maps/contrib/109668401745515835459/reviews?hl=en-US","a month ago","","I purchased this basket for my brother. It got great raves from him for having so many wonderful things in it. He was genuinely touched by the thoughtfulness of everything it covered. I highly recommend","false","","Rock the Treatment (Owner)","a month ago","Cyndi, hearing that your brother loved receiving the cancer care package you sent him. We hope it brought him a lot of comfort as well as smiles. Wishing him and your family MANY BLESSINGS. 🙏❤️","company_level","https://www.google.com/search?sca_esv=5e6c1f1176e333b8&si=APenkKm7iecQ4G6P-TsbSMFKIQtv3EFIqRAFw-i8uEbk55Z-_6d3ozmn-eNjsRjteM_rr1YkA11hArt9ujLOgZz9KZWAjmGk7nveI1bbVuvdGZEJHbhtWVmIfCBVEKgB10VCY86lcIajZnyFVsfUU2AeU7H3y-L8Ng%3D%3D&q=Rock+the+Treatment+Reviews&sa=X"
"google","company","Ci9DQUlRQUNvZENodHljRjlvT2xnNGJGbG9ha0ZPY2xSQ1NYQjFjV05KTlVKMFdWRRAB","","","5","Julie Brinkmann","Local Guide·16 reviews","https://www.google.com/maps/contrib/101976222046811632918/reviews?hl=en-US","4 months ago","","Such a wonderful company ! Stacy and customer service is exceptional , kind , caring and devoted to their mission .It is a greatly appreciated manner to provide comfort and support ! The highest recommendation ! Great appreciation and admiration ! Thank you , Stacy and Staff !🥰","false","","Rock the Treatment (Owner)","4 months ago","Thank you so much for your incredibly kind words. Your message truly means the world to us. Our mission has always been to bring comfort, encouragement, and a sense of support to people during difficult times, and hearing that it is felt and appreciated is deeply meaningful.On behalf of myself and the entire team, thank you for taking the time to share this. Your appreciation and encouragement inspire us to keep doing the work we care so much about.","company_level","https://www.google.com/search?sca_esv=5e6c1f1176e333b8&si=APenkKm7iecQ4G6P-TsbSMFKIQtv3EFIqRAFw-i8uEbk55Z-_6d3ozmn-eNjsRjteM_rr1YkA11hArt9ujLOgZz9KZWAjmGk7nveI1bbVuvdGZEJHbhtWVmIfCBVEKgB10VCY86lcIajZnyFVsfUU2AeU7H3y-L8Ng%3D%3D&q=Rock+the+Treatment+Reviews&sa=X"
"google","company","Ci9DQUlRQUNvZENodHljRjlvT21OS2FHWmhia3hMYW5kbWIxRlZZMWhuZVdKamRIYxAB","","","5","Karen Mitchell","6 reviews","https://www.google.com/maps/contrib/111591721983980162033/reviews?hl=en-US","7 months ago","","","false","","Rock the Treatment (Owner)","7 months ago","Thank you. Blessings.","company_level","https://www.google.com/search?sca_esv=5e6c1f1176e333b8&si=APenkKm7iecQ4G6P-TsbSMFKIQtv3EFIqRAFw-i8uEbk55Z-_6d3ozmn-eNjsRjteM_rr1YkA11hArt9ujLOgZz9KZWAjmGk7nveI1bbVuvdGZEJHbhtWVmIfCBVEKgB10VCY86lcIajZnyFVsfUU2AeU7H3y-L8Ng%3D%3D&q=Rock+the+Treatment+Reviews&sa=X"
"google","company","ChdDSUhNMG9nS0VJQ0FnTURBbGZfbW5BRRAB","","","5","Sharli Gelda","8 reviews·2 photos","https://www.google.com/maps/contrib/114624897784782238841/reviews?hl=en-US","a year ago","","","false","","Rock the Treatment (Owner)","a year ago","❤️❤️","company_level","https://www.google.com/search?sca_esv=5e6c1f1176e333b8&si=APenkKm7iecQ4G6P-TsbSMFKIQtv3EFIqRAFw-i8uEbk55Z-_6d3ozmn-eNjsRjteM_rr1YkA11hArt9ujLOgZz9KZWAjmGk7nveI1bbVuvdGZEJHbhtWVmIfCBVEKgB10VCY86lcIajZnyFVsfUU2AeU7H3y-L8Ng%3D%3D&q=Rock+the+Treatment+Reviews&sa=X"
"google","company","ChZDSUhNMG9nS0VJQ0FnSUROdl9IZWJnEAE","","","5","Felicia Pugh","Local Guide·9 reviews·8 photos","https://www.google.com/maps/contrib/105639758848802131891/reviews?hl=en-US","2 years ago","","","false","","Rock the Treatment (Owner)","2 years ago","❤️❤️","company_level","https://www.google.com/search?sca_esv=5e6c1f1176e333b8&si=APenkKm7iecQ4G6P-TsbSMFKIQtv3EFIqRAFw-i8uEbk55Z-_6d3ozmn-eNjsRjteM_rr1YkA11hArt9ujLOgZz9KZWAjmGk7nveI1bbVuvdGZEJHbhtWVmIfCBVEKgB10VCY86lcIajZnyFVsfUU2AeU7H3y-L8Ng%3D%3D&q=Rock+the+Treatment+Reviews&sa=X"
"google","company","ChdDSUhNMG9nS0VJQ0FnSURScjVtT3lRRRAB","","","5","Jim Conley","14 reviews","https://www.google.com/maps/contrib/110437749060411246547/reviews?hl=en-US","3 years ago","","","false","","Rock the Treatment (Owner)","3 years ago","❤️❤️","company_level","https://www.google.com/search?sca_esv=5e6c1f1176e333b8&si=APenkKm7iecQ4G6P-TsbSMFKIQtv3EFIqRAFw-i8uEbk55Z-_6d3ozmn-eNjsRjteM_rr1YkA11hArt9ujLOgZz9KZWAjmGk7nveI1bbVuvdGZEJHbhtWVmIfCBVEKgB10VCY86lcIajZnyFVsfUU2AeU7H3y-L8Ng%3D%3D&q=Rock+the+Treatment+Reviews&sa=X"
"google","company","ChZDSUhNMG9nS0VJQ0FnSURoNG82Wk53EAE","","","5","Ann Lehman Harren","Local Guide·8 reviews·12 photos","https://www.google.com/maps/contrib/115087338164703904124/reviews?hl=en-US","3 years ago","","","false","","Rock the Treatment (Owner)","3 years ago","❤️❤️","company_level","https://www.google.com/search?sca_esv=5e6c1f1176e333b8&si=APenkKm7iecQ4G6P-TsbSMFKIQtv3EFIqRAFw-i8uEbk55Z-_6d3ozmn-eNjsRjteM_rr1YkA11hArt9ujLOgZz9KZWAjmGk7nveI1bbVuvdGZEJHbhtWVmIfCBVEKgB10VCY86lcIajZnyFVsfUU2AeU7H3y-L8Ng%3D%3D&q=Rock+the+Treatment+Reviews&sa=X"
"google","company","ChZDSUhNMG9nS0VJQ0FnSUNlbElPeU1BEAE","","","5","Maria Abrigo","Local Guide·182 reviews·152 photos","https://www.google.com/maps/contrib/100599480829618736113/reviews?hl=en-US","3 years ago","","","false","","Rock the Treatment (Owner)","3 years ago","Thank you!!!!","company_level","https://www.google.com/search?sca_esv=5e6c1f1176e333b8&si=APenkKm7iecQ4G6P-TsbSMFKIQtv3EFIqRAFw-i8uEbk55Z-_6d3ozmn-eNjsRjteM_rr1YkA11hArt9ujLOgZz9KZWAjmGk7nveI1bbVuvdGZEJHbhtWVmIfCBVEKgB10VCY86lcIajZnyFVsfUU2AeU7H3y-L8Ng%3D%3D&q=Rock+the+Treatment+Reviews&sa=X"
"google","company","ChdDSUhNMG9nS0VJQ0FnSUN1Z3JEOWdRRRAB","","","5","Christopher Burkhalter","","https://www.google.com/maps/contrib/109092042448804541081/reviews?hl=en-US","4 years ago","","","false","","Rock the Treatment (Owner)","4 years ago","❤️❤️","company_level","https://www.google.com/search?sca_esv=5e6c1f1176e333b8&si=APenkKm7iecQ4G6P-TsbSMFKIQtv3EFIqRAFw-i8uEbk55Z-_6d3ozmn-eNjsRjteM_rr1YkA11hArt9ujLOgZz9KZWAjmGk7nveI1bbVuvdGZEJHbhtWVmIfCBVEKgB10VCY86lcIajZnyFVsfUU2AeU7H3y-L8Ng%3D%3D&q=Rock+the+Treatment+Reviews&sa=X"
"google","company","ChZDSUhNMG9nS0VJQ0FnSURPb1A3WEJnEAE","","","5","Diane S","15 reviews","https://www.google.com/maps/contrib/111024548355625540951/reviews?hl=en-US","4 years ago","","","false","","Rock the Treatment (Owner)","4 years ago","❤️❤️","company_level","https://www.google.com/search?sca_esv=5e6c1f1176e333b8&si=APenkKm7iecQ4G6P-TsbSMFKIQtv3EFIqRAFw-i8uEbk55Z-_6d3ozmn-eNjsRjteM_rr1YkA11hArt9ujLOgZz9KZWAjmGk7nveI1bbVuvdGZEJHbhtWVmIfCBVEKgB10VCY86lcIajZnyFVsfUU2AeU7H3y-L8Ng%3D%3D&q=Rock+the+Treatment+Reviews&sa=X"
"google","company","ChdDSUhNMG9nS0VJQ0FnSUQybjZmeHd3RRAB","","","5","Leon Levitt","Local Guide·33 reviews·5 photos","https://www.google.com/maps/contrib/112576457303969640054/reviews?hl=en-US","4 years ago","","","false","","Rock the Treatment (Owner)","4 years ago","Thank you ❤️❤️","company_level","https://www.google.com/search?sca_esv=5e6c1f1176e333b8&si=APenkKm7iecQ4G6P-TsbSMFKIQtv3EFIqRAFw-i8uEbk55Z-_6d3ozmn-eNjsRjteM_rr1YkA11hArt9ujLOgZz9KZWAjmGk7nveI1bbVuvdGZEJHbhtWVmIfCBVEKgB10VCY86lcIajZnyFVsfUU2AeU7H3y-L8Ng%3D%3D&q=Rock+the+Treatment+Reviews&sa=X"
"google","company","ChZDSUhNMG9nS0VJQ0FnSUNhcDZYRUlnEAE","","","5","Ashley Dean","Local Guide·10 reviews","https://www.google.com/maps/contrib/115410714627984806655/reviews?hl=en-US","4 years ago","","","false","","Rock the Treatment (Owner)","4 years ago","💙💙 thank you.","company_level","https://www.google.com/search?sca_esv=5e6c1f1176e333b8&si=APenkKm7iecQ4G6P-TsbSMFKIQtv3EFIqRAFw-i8uEbk55Z-_6d3ozmn-eNjsRjteM_rr1YkA11hArt9ujLOgZz9KZWAjmGk7nveI1bbVuvdGZEJHbhtWVmIfCBVEKgB10VCY86lcIajZnyFVsfUU2AeU7H3y-L8Ng%3D%3D&q=Rock+the+Treatment+Reviews&sa=X"
"google","company","ChdDSUhNMG9nS0VJQ0FnSURLOU12Rm93RRAB","","","5","Rickie Simmons","9 reviews","https://www.google.com/maps/contrib/116115168817633009705/reviews?hl=en-US","5 years ago","","","false","","Rock the Treatment (Owner)","5 years ago","<3 <3 <3","company_level","https://www.google.com/search?sca_esv=5e6c1f1176e333b8&si=APenkKm7iecQ4G6P-TsbSMFKIQtv3EFIqRAFw-i8uEbk55Z-_6d3ozmn-eNjsRjteM_rr1YkA11hArt9ujLOgZz9KZWAjmGk7nveI1bbVuvdGZEJHbhtWVmIfCBVEKgB10VCY86lcIajZnyFVsfUU2AeU7H3y-L8Ng%3D%3D&q=Rock+the+Treatment+Reviews&sa=X"
"google","company","ChdDSUhNMG9nS0VJQ0FnSURLOU9DdWx3RRAB","","","5","Alicia Filipe","3 reviews","https://www.google.com/maps/contrib/118023730061830777590/reviews?hl=en-US","5 years ago","","","false","","Rock the Treatment (Owner)","5 years ago","💜 thank you!!!","company_level","https://www.google.com/search?sca_esv=5e6c1f1176e333b8&si=APenkKm7iecQ4G6P-TsbSMFKIQtv3EFIqRAFw-i8uEbk55Z-_6d3ozmn-eNjsRjteM_rr1YkA11hArt9ujLOgZz9KZWAjmGk7nveI1bbVuvdGZEJHbhtWVmIfCBVEKgB10VCY86lcIajZnyFVsfUU2AeU7H3y-L8Ng%3D%3D&q=Rock+the+Treatment+Reviews&sa=X"
"google","company","ChZDSUhNMG9nS0VJQ0FnSUNjdDl5YUh3EAE","","","5","Jacqueline Miner","3 reviews·2 photos","https://www.google.com/maps/contrib/101147754222720560612/reviews?hl=en-US","6 years ago","","","false","","Rock the Treatment (Owner)","6 years ago","💙💙","company_level","https://www.google.com/search?sca_esv=5e6c1f1176e333b8&si=APenkKm7iecQ4G6P-TsbSMFKIQtv3EFIqRAFw-i8uEbk55Z-_6d3ozmn-eNjsRjteM_rr1YkA11hArt9ujLOgZz9KZWAjmGk7nveI1bbVuvdGZEJHbhtWVmIfCBVEKgB10VCY86lcIajZnyFVsfUU2AeU7H3y-L8Ng%3D%3D&q=Rock+the+Treatment+Reviews&sa=X"
"google","company","ChdDSUhNMG9nS0VJQ0FnSUNjeDd5bW13RRAB","","","5","Antonia Caamaño","6 reviews·1 photo","https://www.google.com/maps/contrib/102202480606405054086/reviews?hl=en-US","6 years ago","","","false","","Rock the Treatment (Owner)","6 years ago","💜💜","company_level","https://www.google.com/search?sca_esv=5e6c1f1176e333b8&si=APenkKm7iecQ4G6P-TsbSMFKIQtv3EFIqRAFw-i8uEbk55Z-_6d3ozmn-eNjsRjteM_rr1YkA11hArt9ujLOgZz9KZWAjmGk7nveI1bbVuvdGZEJHbhtWVmIfCBVEKgB10VCY86lcIajZnyFVsfUU2AeU7H3y-L8Ng%3D%3D&q=Rock+the+Treatment+Reviews&sa=X"
"yelp","company","_d3CoqLkOgIUwnUWTHkPzA","","","5","Angela A.","Southbridge Town, MA","https://www.yelp.com/user_details?userid=_d3CoqLkOgIUwnUWTHkPzA","Jan 18, 2025","","I had ordered this for a friend of mine - & she absolutely LOVES it! She said that she can use everything within the box - even the box itself. The packaging was so colorful & vibrant! Thank you so much.","false","Southbridge Town, MA","Stacy B.","Jan 18, 2025","We are SOO HAPPY to hear that your friend LOVED the cancer care package you sent her. We hope it brought her lots of comfort and smiles. Blessings","company_level","https://www.yelp.com/biz/rock-the-treatment-deer-park-2"
"yelp","company","QanV5AtttYtMFfzX6x1-SQ","","","5","Tracey K.","Albany, NY","https://www.yelp.com/user_details?userid=QanV5AtttYtMFfzX6x1-SQ","Dec 29, 2021","","I ordered a basket twice for relatives who were navigating through their treatments. Each basket got rave reviews and were so appreciated by the recipients. They contained everything from snacks to puzzles. Everything for comfort in their time of need. Even queasy pops to help ease the chemo side effects. I also must note the great communion after I ordered. I misspelled a word on the card and was contacted to ensure accuracy. Excellent customer service and even some kind words of encouragement! If you want to help someone going through cancer treatments and don't know how, send them a basket full of love. There are baskets for folks going through radiation or chemo or both! It's a great way to show your support in a difficult time and they're affordable, reasonably priced and shipped quickly!","false","Albany, NY","","","","company_product_unspecified","https://www.yelp.com/biz/rock-the-treatment-deer-park-2"
"yelp","company","Wo0RFlJa8WaaN-7kLvl5pw","","","5","Sharon M.","Edison, NJ","https://www.yelp.com/user_details?userid=Wo0RFlJa8WaaN-7kLvl5pw","Mar 27, 2025","","A friend and I ordered a large women's chemo basked for our friend's daughter, who is facing a grueling chemo protocol this year. She was so thrilled and touched to receive this basket, and everything in it was so well thought out, from the puzzles to the tasty treats, and all the pragmatic stuff in between! We can't say enough about the Rock the Treatment gift baskets. Would certainly recommend.","false","Edison, NJ","","","","conflicting_size_explicit","https://www.yelp.com/biz/rock-the-treatment-deer-park-2"
"yelp","company","1FuIL7zzM-xdYhmfeUWRrw","","","5","K. I.","Southeast Washington, Washington, DC","https://www.yelp.com/user_details?userid=1FuIL7zzM-xdYhmfeUWRrw","Jul 12, 2019","","This was the best thing I could get for my boss's wife. I also received a personal thank you email from Ms. Stacy Berk. The box was an excellent choice. I didn't have to search around, everything she needed was in the box. Thank you so much. This box totally rocked.!! Bless you all.","false","Southeast Washington, Washington, DC","","","","company_level","https://www.yelp.com/biz/rock-the-treatment-deer-park-2"
